epoch,step,train/cardinality_error,train/cardinality_error_0,train/cardinality_error_1,train/cardinality_error_2,train/cardinality_error_3,train/cardinality_error_enc,train/class_error,train/loss,train/loss_bbox,train/loss_bbox_0,train/loss_bbox_1,train/loss_bbox_2,train/loss_bbox_3,train/loss_bbox_enc,train/loss_ce,train/loss_ce_0,train/loss_ce_1,train/loss_ce_2,train/loss_ce_3,train/loss_ce_enc,train/loss_giou,train/loss_giou_0,train/loss_giou_1,train/loss_giou_2,train/loss_giou_3,train/loss_giou_enc,train/loss_mask_ce,train/loss_mask_ce_0,train/loss_mask_ce_1,train/loss_mask_ce_2,train/loss_mask_ce_3,train/loss_mask_ce_enc,train/loss_mask_dice,train/loss_mask_dice_0,train/loss_mask_dice_1,train/loss_mask_dice_2,train/loss_mask_dice_3,train/loss_mask_dice_enc,train/lr,train/lr_max,train/lr_min,val/AP/out_line,val/AP/parking_lot,val/AP/parking_space,val/F1,val/cardinality_error,val/cardinality_error_0,val/cardinality_error_1,val/cardinality_error_2,val/cardinality_error_3,val/cardinality_error_enc,val/class_error,val/ema_mAP_50,val/ema_mAP_50_95,val/ema_mAR,val/ema_segm_mAP_50,val/ema_segm_mAP_50_95,val/loss,val/loss_bbox,val/loss_bbox_0,val/loss_bbox_1,val/loss_bbox_2,val/loss_bbox_3,val/loss_bbox_enc,val/loss_ce,val/loss_ce_0,val/loss_ce_1,val/loss_ce_2,val/loss_ce_3,val/loss_ce_enc,val/loss_giou,val/loss_giou_0,val/loss_giou_1,val/loss_giou_2,val/loss_giou_3,val/loss_giou_enc,val/loss_mask_ce,val/loss_mask_ce_0,val/loss_mask_ce_1,val/loss_mask_ce_2,val/loss_mask_ce_3,val/loss_mask_ce_enc,val/loss_mask_dice,val/loss_mask_dice_0,val/loss_mask_dice_1,val/loss_mask_dice_2,val/loss_mask_dice_3,val/loss_mask_dice_enc,val/mAP_50,val/mAP_50_95,val/mAP_75,val/mAR,val/precision,val/recall,val/segm_mAP_50,val/segm_mAP_50_95
0,49,,,,,,,,,,,,,,,,,,,,,,,,,,,,,,,,,,,,,,,9.999999747378752e-05,9.999999747378752e-05,3.232564267818816e-06,,,,,,,,,,,,,,,,,,,,,,,,,,,,,,,,,,,,,,,,,,,,,,,,,,,,,,,
0,99,,,,,,,,,,,,,,,,,,,,,,,,,,,,,,,,,,,,,,,9.999999747378752e-05,9.999999747378752e-05,3.232564267818816e-06,,,,,,,,,,,,,,,,,,,,,,,,,,,,,,,,,,,,,,,,,,,,,,,,,,,,,,,
0,149,,,,,,,,,,,,,,,,,,,,,,,,,,,,,,,,,,,,,,,9.999999747378752e-05,9.999999747378752e-05,3.232564267818816e-06,,,,,,,,,,,,,,,,,,,,,,,,,,,,,,,,,,,,,,,,,,,,,,,,,,,,,,,
0,199,,,,,,,,,,,,,,,,,,,,,,,,,,,,,,,,,,,,,,,9.999999747378752e-05,9.999999747378752e-05,3.232564267818816e-06,,,,,,,,,,,,,,,,,,,,,,,,,,,,,,,,,,,,,,,,,,,,,,,,,,,,,,,
0,226,,,,,,,,,,,,,,,,,,,,,,,,,,,,,,,,,,,,,,,,,,0.3041875660419464,0.7059207558631897,0.6400609612464905,0.7735989093780518,198.15841674804688,198.15841674804688,198.15841674804688,198.15841674804688,198.15841674804688,198.15841674804688,5.6930694580078125,0.8316659331321716,0.5614323616027832,0.7727713584899902,0.7582709789276123,0.44782426953315735,35.50823974609375,0.026207726448774338,0.025594741106033325,0.028214551508426666,0.027180461212992668,0.026143861934542656,0.04454948380589485,0.6565365195274353,1.1046531200408936,0.7979101538658142,0.7252193689346313,0.6759241223335266,0.9456337094306946,0.22355884313583374,0.19945666193962097,0.23040440678596497,0.22317108511924744,0.22516287863254547,0.28392887115478516,0.05910108610987663,0.05238756164908409,0.06061730161309242,0.06153102591633797,0.057874374091625214,0.056330468505620956,0.16877713799476624,0.1798260509967804,0.1862037181854248,0.1752377450466156,0.16993749141693115,0.2357841581106186,0.8351830840110779,0.5500564575195312,0.5966872572898865,0.7654660940170288,0.8002346158027649,0.7510978579521179,0.7678207159042358,0.4398481845855713
0,226,2596.73486328125,2597.752197265625,2597.1474609375,2597.571533203125,2597.048095703125,2596.079833984375,22.38386344909668,39.09359359741211,0.060431964695453644,0.06943711638450623,0.06705839186906815,0.06445670127868652,0.061734721064567566,0.08761478960514069,0.6779565215110779,0.9696693420410156,0.8018873929977417,0.71938556432724,0.6867420077323914,0.9505914449691772,0.25838926434516907,0.2733768820762634,0.277772456407547,0.26962777972221375,0.26312682032585144,0.33360835909843445,0.06855466961860657,0.07021988928318024,0.0712086409330368,0.07120219618082047,0.06905917078256607,0.09092752635478973,0.23147404193878174,0.24645037949085236,0.2394348829984665,0.23571212589740753,0.23297157883644104,0.3041745722293854,,,,,,,,,,,,,,,,,,,,,,,,,,,,,,,,,,,,,,,,,,,,,,,,,,,,,,,,,,
1,249,,,,,,,,,,,,,,,,,,,,,,,,,,,,,,,,,,,,,,,9.999999747378752e-05,9.999999747378752e-05,3.232564267818816e-06,,,,,,,,,,,,,,,,,,,,,,,,,,,,,,,,,,,,,,,,,,,,,,,,,,,,,,,
1,299,,,,,,,,,,,,,,,,,,,,,,,,,,,,,,,,,,,,,,,9.999999747378752e-05,9.999999747378752e-05,3.232564267818816e-06,,,,,,,,,,,,,,,,,,,,,,,,,,,,,,,,,,,,,,,,,,,,,,,,,,,,,,,
1,349,,,,,,,,,,,,,,,,,,,,,,,,,,,,,,,,,,,,,,,9.999999747378752e-05,9.999999747378752e-05,3.232564267818816e-06,,,,,,,,,,,,,,,,,,,,,,,,,,,,,,,,,,,,,,,,,,,,,,,,,,,,,,,
1,399,,,,,,,,,,,,,,,,,,,,,,,,,,,,,,,,,,,,,,,9.999999747378752e-05,9.999999747378752e-05,3.232564267818816e-06,,,,,,,,,,,,,,,,,,,,,,,,,,,,,,,,,,,,,,,,,,,,,,,,,,,,,,,
1,449,,,,,,,,,,,,,,,,,,,,,,,,,,,,,,,,,,,,,,,9.999999747378752e-05,9.999999747378752e-05,3.232564267818816e-06,,,,,,,,,,,,,,,,,,,,,,,,,,,,,,,,,,,,,,,,,,,,,,,,,,,,,,,
1,453,,,,,,,,,,,,,,,,,,,,,,,,,,,,,,,,,,,,,,,,,,0.31717756390571594,0.7140687108039856,0.5294998288154602,0.7341392040252686,198.15841674804688,198.15841674804688,198.15841674804688,198.15841674804688,198.15841674804688,198.15841674804688,5.363036632537842,0.853908896446228,0.5789905786514282,0.7910235524177551,0.7497430443763733,0.4740017354488373,35.079505920410156,0.029189324006438255,0.02662617526948452,0.027997678145766258,0.029210705310106277,0.026925725862383842,0.053687501698732376,0.6139293313026428,1.207146406173706,0.7712724208831787,0.6944930553436279,0.6285189390182495,0.8570113778114319,0.22120030224323273,0.20229147374629974,0.22467295825481415,0.2328844964504242,0.21984855830669403,0.30554214119911194,0.06600964069366455,0.06028226390480995,0.0571536161005497,0.064321368932724,0.06645175069570541,0.06800170242786407,0.15877662599086761,0.18027590215206146,0.1892310082912445,0.16143262386322021,0.16807246208190918,0.24730822443962097,0.8142313957214355,0.5202487111091614,0.5352182388305664,0.7725530862808228,0.8227930665016174,0.6706786155700684,0.7109395861625671,0.42714986205101013
1,453,2598.749267578125,2598.75048828125,2598.729248046875,2598.750732421875,2598.75048828125,2598.750732421875,13.40647029876709,31.8460636138916,0.025598717853426933,0.027577105909585953,0.030290722846984863,0.029939135536551476,0.02708439528942108,0.05487789586186409,0.5577961206436157,0.9953465461730957,0.7600648999214172,0.6231765151023865,0.5693652629852295,0.8591928482055664,0.16673381626605988,0.16234835982322693,0.1837247908115387,0.18474537134170532,0.17409740388393402,0.2507222592830658,0.03897075355052948,0.037325430661439896,0.038160134106874466,0.0391099639236927,0.03893740475177765,0.049580883234739304,0.17096160352230072,0.1784587800502777,0.17753347754478455,0.17366713285446167,0.17250709235668182,0.244739830493927,,,,,,,,,,,,,,,,,,,,,,,,,,,,,,,,,,,,,,,,,,,,,,,,,,,,,,,,,,
2,499,,,,,,,,,,,,,,,,,,,,,,,,,,,,,,,,,,,,,,,9.999999747378752e-05,9.999999747378752e-05,3.232564267818816e-06,,,,,,,,,,,,,,,,,,,,,,,,,,,,,,,,,,,,,,,,,,,,,,,,,,,,,,,
2,549,,,,,,,,,,,,,,,,,,,,,,,,,,,,,,,,,,,,,,,9.999999747378752e-05,9.999999747378752e-05,3.232564267818816e-06,,,,,,,,,,,,,,,,,,,,,,,,,,,,,,,,,,,,,,,,,,,,,,,,,,,,,,,
2,599,,,,,,,,,,,,,,,,,,,,,,,,,,,,,,,,,,,,,,,9.999999747378752e-05,9.999999747378752e-05,3.232564267818816e-06,,,,,,,,,,,,,,,,,,,,,,,,,,,,,,,,,,,,,,,,,,,,,,,,,,,,,,,
2,649,,,,,,,,,,,,,,,,,,,,,,,,,,,,,,,,,,,,,,,9.999999747378752e-05,9.999999747378752e-05,3.232564267818816e-06,,,,,,,,,,,,,,,,,,,,,,,,,,,,,,,,,,,,,,,,,,,,,,,,,,,,,,,
2,680,,,,,,,,,,,,,,,,,,,,,,,,,,,,,,,,,,,,,,,,,,0.3258014917373657,0.7489742040634155,0.676893949508667,0.7807921171188354,198.15841674804688,198.15841674804688,198.15841674804688,198.15841674804688,198.15841674804688,198.15841674804688,4.95049524307251,0.8790057897567749,0.6049164533615112,0.7949138283729553,0.7759748101234436,0.4993736445903778,33.39033889770508,0.026869826018810272,0.025204991921782494,0.02977384626865387,0.030053898692131042,0.028867941349744797,0.04685086011886597,0.5930784940719604,1.033225655555725,0.7274594306945801,0.6677536964416504,0.6169061064720154,0.8702961206436157,0.2134917825460434,0.19722798466682434,0.2323511838912964,0.22643616795539856,0.2168227881193161,0.28642597794532776,0.06651543080806732,0.052836619317531586,0.056720323860645294,0.06636407226324081,0.06753664463758469,0.06341973692178726,0.1622205227613449,0.16567766666412354,0.16570062935352325,0.1680859625339508,0.16070011258125305,0.23684850335121155,0.8565900325775146,0.583889901638031,0.623507559299469,0.7760587334632874,0.8049826622009277,0.7652726173400879,0.7641869187355042,0.4810560941696167
2,680,2598.755126953125,2598.755615234375,2598.755615234375,2598.755615234375,2598.755615234375,2598.755615234375,13.868179321289062,29.678361892700195,0.02477884665131569,0.02714124508202076,0.030650455504655838,0.029325732961297035,0.026035377755761147,0.05628959462046623,0.476257860660553,0.9750499725341797,0.7097976803779602,0.5705708861351013,0.5022559762001038,0.7941925525665283,0.15807661414146423,0.15679489076137543,0.180465966463089,0.1771307736635208,0.16481073200702667,0.24982617795467377,0.03429732099175453,0.033151350915431976,0.03356628865003586,0.0349089615046978,0.03482390195131302,0.0446515791118145,0.16260488331317902,0.1673623025417328,0.1698482632637024,0.1654006391763687,0.1634286344051361,0.23444512486457825,,,,,,,,,,,,,,,,,,,,,,,,,,,,,,,,,,,,,,,,,,,,,,,,,,,,,,,,,,
3,699,,,,,,,,,,,,,,,,,,,,,,,,,,,,,,,,,,,,,,,9.999999747378752e-05,9.999999747378752e-05,3.232564267818816e-06,,,,,,,,,,,,,,,,,,,,,,,,,,,,,,,,,,,,,,,,,,,,,,,,,,,,,,,
3,749,,,,,,,,,,,,,,,,,,,,,,,,,,,,,,,,,,,,,,,9.999999747378752e-05,9.999999747378752e-05,3.232564267818816e-06,,,,,,,,,,,,,,,,,,,,,,,,,,,,,,,,,,,,,,,,,,,,,,,,,,,,,,,
3,799,,,,,,,,,,,,,,,,,,,,,,,,,,,,,,,,,,,,,,,9.999999747378752e-05,9.999999747378752e-05,3.232564267818816e-06,,,,,,,,,,,,,,,,,,,,,,,,,,,,,,,,,,,,,,,,,,,,,,,,,,,,,,,
3,849,,,,,,,,,,,,,,,,,,,,,,,,,,,,,,,,,,,,,,,9.999999747378752e-05,9.999999747378752e-05,3.232564267818816e-06,,,,,,,,,,,,,,,,,,,,,,,,,,,,,,,,,,,,,,,,,,,,,,,,,,,,,,,
3,899,,,,,,,,,,,,,,,,,,,,,,,,,,,,,,,,,,,,,,,9.999999747378752e-05,9.999999747378752e-05,3.232564267818816e-06,,,,,,,,,,,,,,,,,,,,,,,,,,,,,,,,,,,,,,,,,,,,,,,,,,,,,,,
3,907,,,,,,,,,,,,,,,,,,,,,,,,,,,,,,,,,,,,,,,,,,0.31278684735298157,0.7869470715522766,0.7485794425010681,0.8010400533676147,198.15841674804688,198.15841674804688,198.15841674804688,198.15841674804688,198.15841674804688,198.15841674804688,4.95049524307251,0.8906439542770386,0.6294980049133301,0.7976219058036804,0.7835873365402222,0.5138908624649048,32.32206344604492,0.022214218974113464,0.027984486892819405,0.028213877230882645,0.02800726890563965,0.022814935073256493,0.05649132654070854,0.5661725997924805,0.9654344320297241,0.7266343235969543,0.6636865735054016,0.5961713194847107,0.8264740109443665,0.20945315062999725,0.20328043401241302,0.22871309518814087,0.22752301394939423,0.20856812596321106,0.29557788372039795,0.05246247351169586,0.05433328449726105,0.054747115820646286,0.05292593315243721,0.053868964314460754,0.06109403073787689,0.16208069026470184,0.16582247614860535,0.16748687624931335,0.15963014960289001,0.1602894365787506,0.24012582004070282,0.8847106695175171,0.6161044836044312,0.674315333366394,0.7872400879859924,0.8098827004432678,0.7927111387252808,0.7789860963821411,0.5019797682762146
3,907,2598.762939453125,2598.761474609375,2598.76318359375,2598.76318359375,2598.76318359375,2598.76318359375,13.18980884552002,29.166120529174805,0.022821461781859398,0.02505240961909294,0.028588958084583282,0.027070142328739166,0.023887285962700844,0.05580682307481766,0.4776953160762787,0.9676192998886108,0.6845279932022095,0.5527945160865784,0.49652519822120667,0.7662662863731384,0.15383103489875793,0.15413694083690643,0.1765286773443222,0.17115139961242676,0.15850576758384705,0.2497335821390152,0.0343049094080925,0.03251132369041443,0.034589365124702454,0.03494815155863762,0.034872110933065414,0.04421599954366684,0.16181619465351105,0.16703574359416962,0.16810908913612366,0.16532105207443237,0.16293057799339294,0.23835651576519012,,,,,,,,,,,,,,,,,,,,,,,,,,,,,,,,,,,,,,,,,,,,,,,,,,,,,,,,,,
4,949,,,,,,,,,,,,,,,,,,,,,,,,,,,,,,,,,,,,,,,9.999999747378752e-05,9.999999747378752e-05,3.232564267818816e-06,,,,,,,,,,,,,,,,,,,,,,,,,,,,,,,,,,,,,,,,,,,,,,,,,,,,,,,
4,999,,,,,,,,,,,,,,,,,,,,,,,,,,,,,,,,,,,,,,,9.999999747378752e-05,9.999999747378752e-05,3.232564267818816e-06,,,,,,,,,,,,,,,,,,,,,,,,,,,,,,,,,,,,,,,,,,,,,,,,,,,,,,,
4,1049,,,,,,,,,,,,,,,,,,,,,,,,,,,,,,,,,,,,,,,9.999999747378752e-05,9.999999747378752e-05,3.232564267818816e-06,,,,,,,,,,,,,,,,,,,,,,,,,,,,,,,,,,,,,,,,,,,,,,,,,,,,,,,
4,1099,,,,,,,,,,,,,,,,,,,,,,,,,,,,,,,,,,,,,,,9.999999747378752e-05,9.999999747378752e-05,3.232564267818816e-06,,,,,,,,,,,,,,,,,,,,,,,,,,,,,,,,,,,,,,,,,,,,,,,,,,,,,,,
4,1134,,,,,,,,,,,,,,,,,,,,,,,,,,,,,,,,,,,,,,,,,,0.28101810812950134,0.7993807792663574,0.7687723636627197,0.7964016795158386,198.15841674804688,198.15841674804688,198.15841674804688,198.15841674804688,198.15841674804688,198.15841674804688,4.95049524307251,0.891635000705719,0.6415660381317139,0.8049541711807251,0.8038347363471985,0.5291048884391785,32.205196380615234,0.023952195420861244,0.02746734768152237,0.02802206575870514,0.027571508660912514,0.023625213652849197,0.05540771409869194,0.5538045763969421,1.0037466287612915,0.7348931431770325,0.6809291839599609,0.5804802775382996,0.8166627883911133,0.22141358256340027,0.19767574965953827,0.21841302514076233,0.22943943738937378,0.22351714968681335,0.2936839163303375,0.05080772563815117,0.04698057100176811,0.0583670400083065,0.05309774726629257,0.05274205282330513,0.06263504177331924,0.1487560272216797,0.155328169465065,0.16182179749011993,0.15311141312122345,0.1564875692129135,0.2306840568780899,0.8929657340049744,0.6163904070854187,0.6567996144294739,0.77701735496521,0.8197612762451172,0.7758315801620483,0.76703280210495,0.5136976838111877
4,1134,2598.756591796875,2598.75,2598.7568359375,2598.75634765625,2598.7568359375,2598.7568359375,13.659070014953613,28.333179473876953,0.02379150129854679,0.02580050751566887,0.028806203976273537,0.028163189068436623,0.02490229904651642,0.05839125066995621,0.4654901921749115,0.9417328238487244,0.6652555465698242,0.5475853681564331,0.4861469268798828,0.7262603044509888,0.15634264051914215,0.1534702330827713,0.1716267317533493,0.16887153685092926,0.16045431792736053,0.245437353849411,0.03201238065958023,0.030364416539669037,0.03221247345209122,0.032514896243810654,0.03171700984239578,0.04201197996735573,0.15656203031539917,0.1603531390428543,0.1593504101037979,0.15850335359573364,0.15805749595165253,0.22816695272922516,,,,,,,,,,,,,,,,,,,,,,,,,,,,,,,,,,,,,,,,,,,,,,,,,,,,,,,,,,
5,1149,,,,,,,,,,,,,,,,,,,,,,,,,,,,,,,,,,,,,,,9.999999747378752e-05,9.999999747378752e-05,3.232564267818816e-06,,,,,,,,,,,,,,,,,,,,,,,,,,,,,,,,,,,,,,,,,,,,,,,,,,,,,,,
5,1199,,,,,,,,,,,,,,,,,,,,,,,,,,,,,,,,,,,,,,,9.999999747378752e-05,9.999999747378752e-05,3.232564267818816e-06,,,,,,,,,,,,,,,,,,,,,,,,,,,,,,,,,,,,,,,,,,,,,,,,,,,,,,,
5,1249,,,,,,,,,,,,,,,,,,,,,,,,,,,,,,,,,,,,,,,9.999999747378752e-05,9.999999747378752e-05,3.232564267818816e-06,,,,,,,,,,,,,,,,,,,,,,,,,,,,,,,,,,,,,,,,,,,,,,,,,,,,,,,
5,1299,,,,,,,,,,,,,,,,,,,,,,,,,,,,,,,,,,,,,,,9.999999747378752e-05,9.999999747378752e-05,3.232564267818816e-06,,,,,,,,,,,,,,,,,,,,,,,,,,,,,,,,,,,,,,,,,,,,,,,,,,,,,,,
5,1349,,,,,,,,,,,,,,,,,,,,,,,,,,,,,,,,,,,,,,,9.999999747378752e-05,9.999999747378752e-05,3.232564267818816e-06,,,,,,,,,,,,,,,,,,,,,,,,,,,,,,,,,,,,,,,,,,,,,,,,,,,,,,,
5,1361,,,,,,,,,,,,,,,,,,,,,,,,,,,,,,,,,,,,,,,,,,0.3335919976234436,0.7749811410903931,0.7497609257698059,0.7665780782699585,198.15841674804688,198.15841674804688,198.15841674804688,198.15841674804688,198.15841674804688,198.15841674804688,4.95049524307251,0.9127321243286133,0.6580584049224854,0.8218000531196594,0.823655366897583,0.5474956631660461,32.45975875854492,0.02369069494307041,0.0280289463698864,0.026108495891094208,0.027551140636205673,0.02438569813966751,0.05971190333366394,0.6207727789878845,1.0197566747665405,0.743893027305603,0.6915975213050842,0.6096004247665405,0.8282198905944824,0.20227143168449402,0.17689238488674164,0.20752863585948944,0.21254152059555054,0.20598793029785156,0.30366143584251404,0.042318325489759445,0.0451744869351387,0.046992041170597076,0.049144674092531204,0.04435180127620697,0.050536513328552246,0.14476531744003296,0.15145739912986755,0.1551889181137085,0.15958143770694733,0.15668068826198578,0.21889063715934753,0.8927107453346252,0.619444727897644,0.6751041412353516,0.8096648454666138,0.8202537298202515,0.721455454826355,0.7704442143440247,0.5310354828834534
5,1361,2598.762939453125,2598.761474609375,2598.759521484375,2598.762939453125,2598.762939453125,2598.762939453125,13.525711059570312,29.113183975219727,0.02193325012922287,0.02454431541264057,0.02625446766614914,0.02618595026433468,0.02311403863132,0.05979624018073082,0.5284169912338257,0.955062985420227,0.6836256384849548,0.5839434266090393,0.5416801571846008,0.7322779297828674,0.14930275082588196,0.14885175228118896,0.16650474071502686,0.16392356157302856,0.15377360582351685,0.24928267300128937,0.031208597123622894,0.029347635805606842,0.03114159218966961,0.031542785465717316,0.03159325197339058,0.039619818329811096,0.15550485253334045,0.1576441079378128,0.15898345410823822,0.15812325477600098,0.15565373003482819,0.22277866303920746,,,,,,,,,,,,,,,,,,,,,,,,,,,,,,,,,,,,,,,,,,,,,,,,,,,,,,,,,,
6,1399,,,,,,,,,,,,,,,,,,,,,,,,,,,,,,,,,,,,,,,9.999999747378752e-05,9.999999747378752e-05,3.232564267818816e-06,,,,,,,,,,,,,,,,,,,,,,,,,,,,,,,,,,,,,,,,,,,,,,,,,,,,,,,
6,1449,,,,,,,,,,,,,,,,,,,,,,,,,,,,,,,,,,,,,,,9.999999747378752e-05,9.999999747378752e-05,3.232564267818816e-06,,,,,,,,,,,,,,,,,,,,,,,,,,,,,,,,,,,,,,,,,,,,,,,,,,,,,,,
6,1499,,,,,,,,,,,,,,,,,,,,,,,,,,,,,,,,,,,,,,,9.999999747378752e-05,9.999999747378752e-05,3.232564267818816e-06,,,,,,,,,,,,,,,,,,,,,,,,,,,,,,,,,,,,,,,,,,,,,,,,,,,,,,,
6,1549,,,,,,,,,,,,,,,,,,,,,,,,,,,,,,,,,,,,,,,9.999999747378752e-05,9.999999747378752e-05,3.232564267818816e-06,,,,,,,,,,,,,,,,,,,,,,,,,,,,,,,,,,,,,,,,,,,,,,,,,,,,,,,
6,1588,,,,,,,,,,,,,,,,,,,,,,,,,,,,,,,,,,,,,,,,,,0.3529517650604248,0.8040668368339539,0.7612433433532715,0.8067464828491211,198.15841674804688,198.15841674804688,198.15841674804688,198.15841674804688,198.15841674804688,198.15841674804688,4.95049524307251,0.9203983545303345,0.6634138822555542,0.8391456604003906,0.8251736164093018,0.5597179532051086,31.732261657714844,0.021257309243083,0.02596789225935936,0.024799035862088203,0.02389688603579998,0.022361647337675095,0.0495995469391346,0.6316264271736145,0.9784407019615173,0.7578728795051575,0.6734429597854614,0.6380965113639832,0.7886569499969482,0.18950887024402618,0.18611149489879608,0.19769547879695892,0.20931470394134521,0.19601432979106903,0.28839045763015747,0.0418534055352211,0.040639448910951614,0.04305170848965645,0.042936038225889206,0.04164024442434311,0.04675399139523506,0.14485213160514832,0.14933137595653534,0.15841956436634064,0.1518988311290741,0.1351083666086197,0.20713528990745544,0.8993605375289917,0.6394206881523132,0.6862272620201111,0.8342589139938354,0.8215238451957703,0.792875349521637,0.8019002676010132,0.5413289666175842
6,1588,2598.759521484375,2598.759033203125,2598.76025390625,2598.75927734375,2598.7607421875,2598.7607421875,11.860244750976562,28.300228118896484,0.022450793534517288,0.024328069761395454,0.026751209050416946,0.025735393166542053,0.023657603189349174,0.05823516473174095,0.5010773539543152,0.9463934302330017,0.6491300463676453,0.5505536198616028,0.5078825354576111,0.6856870055198669,0.14821402728557587,0.14920592308044434,0.1662944108247757,0.16149267554283142,0.15305934846401215,0.24532316625118256,0.03149360418319702,0.030825646594166756,0.03192707896232605,0.03221229463815689,0.031741153448820114,0.04186592996120453,0.1563984602689743,0.1630062460899353,0.16285187005996704,0.15914799273014069,0.15812988579273224,0.2291366010904312,,,,,,,,,,,,,,,,,,,,,,,,,,,,,,,,,,,,,,,,,,,,,,,,,,,,,,,,,,
7,1599,,,,,,,,,,,,,,,,,,,,,,,,,,,,,,,,,,,,,,,9.999999747378752e-05,9.999999747378752e-05,3.232564267818816e-06,,,,,,,,,,,,,,,,,,,,,,,,,,,,,,,,,,,,,,,,,,,,,,,,,,,,,,,
7,1649,,,,,,,,,,,,,,,,,,,,,,,,,,,,,,,,,,,,,,,9.999999747378752e-05,9.999999747378752e-05,3.232564267818816e-06,,,,,,,,,,,,,,,,,,,,,,,,,,,,,,,,,,,,,,,,,,,,,,,,,,,,,,,
7,1699,,,,,,,,,,,,,,,,,,,,,,,,,,,,,,,,,,,,,,,9.999999747378752e-05,9.999999747378752e-05,3.232564267818816e-06,,,,,,,,,,,,,,,,,,,,,,,,,,,,,,,,,,,,,,,,,,,,,,,,,,,,,,,
7,1749,,,,,,,,,,,,,,,,,,,,,,,,,,,,,,,,,,,,,,,9.999999747378752e-05,9.999999747378752e-05,3.232564267818816e-06,,,,,,,,,,,,,,,,,,,,,,,,,,,,,,,,,,,,,,,,,,,,,,,,,,,,,,,
7,1799,,,,,,,,,,,,,,,,,,,,,,,,,,,,,,,,,,,,,,,9.999999747378752e-05,9.999999747378752e-05,3.232564267818816e-06,,,,,,,,,,,,,,,,,,,,,,,,,,,,,,,,,,,,,,,,,,,,,,,,,,,,,,,
7,1815,,,,,,,,,,,,,,,,,,,,,,,,,,,,,,,,,,,,,,,,,,0.348948210477829,0.8063480257987976,0.7442741394042969,0.8284890651702881,198.15841674804688,198.15841674804688,198.15841674804688,198.15841674804688,198.15841674804688,198.15841674804688,4.95049524307251,0.9263654947280884,0.6754094362258911,0.8428223133087158,0.8394200205802917,0.5763875246047974,30.397363662719727,0.022581810131669044,0.025233298540115356,0.028590891510248184,0.025272246450185776,0.02350790612399578,0.0502111054956913,0.5817856192588806,0.8635262250900269,0.6920765042304993,0.6490054130554199,0.5863466262817383,0.7422232031822205,0.1989971399307251,0.1893872320652008,0.209668830037117,0.21089759469032288,0.2107274979352951,0.28114053606987,0.048891037702560425,0.0481649674475193,0.05144687741994858,0.04701104015111923,0.047729987651109695,0.05940728634595871,0.14142440259456635,0.15908785164356232,0.15398937463760376,0.1418566256761551,0.14099274575710297,0.2287852168083191,0.907149612903595,0.6331901550292969,0.6827669739723206,0.794741690158844,0.8247535824775696,0.8323149681091309,0.8200224041938782,0.543249785900116
7,1815,2598.775390625,2598.720458984375,2598.774169921875,2598.775634765625,2598.775634765625,2598.775634765625,12.433638572692871,28.132516860961914,0.021946309134364128,0.025453198701143265,0.02753274329006672,0.026006070896983147,0.023047657683491707,0.059075977653265,0.49795442819595337,0.9330539107322693,0.6676246523857117,0.5490284562110901,0.5034902095794678,0.6586640477180481,0.14791712164878845,0.15348225831985474,0.16856524348258972,0.164967879652977,0.1532212793827057,0.24985258281230927,0.031086590141057968,0.029498280957341194,0.03168738633394241,0.031658951193094254,0.0313253290951252,0.04118431732058525,0.15598101913928986,0.16069138050079346,0.16200989484786987,0.15963758528232574,0.15798352658748627,0.22568008303642273,,,,,,,,,,,,,,,,,,,,,,,,,,,,,,,,,,,,,,,,,,,,,,,,,,,,,,,,,,
8,1849,,,,,,,,,,,,,,,,,,,,,,,,,,,,,,,,,,,,,,,9.999999747378752e-05,9.999999747378752e-05,3.232564267818816e-06,,,,,,,,,,,,,,,,,,,,,,,,,,,,,,,,,,,,,,,,,,,,,,,,,,,,,,,
8,1899,,,,,,,,,,,,,,,,,,,,,,,,,,,,,,,,,,,,,,,9.999999747378752e-05,9.999999747378752e-05,3.232564267818816e-06,,,,,,,,,,,,,,,,,,,,,,,,,,,,,,,,,,,,,,,,,,,,,,,,,,,,,,,
8,1949,,,,,,,,,,,,,,,,,,,,,,,,,,,,,,,,,,,,,,,9.999999747378752e-05,9.999999747378752e-05,3.232564267818816e-06,,,,,,,,,,,,,,,,,,,,,,,,,,,,,,,,,,,,,,,,,,,,,,,,,,,,,,,
8,1999,,,,,,,,,,,,,,,,,,,,,,,,,,,,,,,,,,,,,,,9.999999747378752e-05,9.999999747378752e-05,3.232564267818816e-06,,,,,,,,,,,,,,,,,,,,,,,,,,,,,,,,,,,,,,,,,,,,,,,,,,,,,,,
8,2042,,,,,,,,,,,,,,,,,,,,,,,,,,,,,,,,,,,,,,,,,,0.37419945001602173,0.785797119140625,0.7907444834709167,0.8156906366348267,198.15841674804688,198.15841674804688,198.15841674804688,198.15841674804688,198.15841674804688,198.15841674804688,4.95049524307251,0.9193146228790283,0.67831951379776,0.8462140560150146,0.837939977645874,0.5677015781402588,30.893213272094727,0.019907711073756218,0.023058287799358368,0.028397101908922195,0.025014603510499,0.020843813195824623,0.0473957285284996,0.6122944951057434,0.8946892023086548,0.6972135305404663,0.6579050421714783,0.6588303446769714,0.7535064220428467,0.18450407683849335,0.18853610754013062,0.21012119948863983,0.20640182495117188,0.18095575273036957,0.27236154675483704,0.04658793285489082,0.04621540755033493,0.05426449701189995,0.050344888120889664,0.04512622579932213,0.05767017602920532,0.1513868123292923,0.15732456743717194,0.14707082509994507,0.1401747614145279,0.137266144156456,0.20900368690490723,0.9001445174217224,0.6502470374107361,0.7008255124092102,0.8418489694595337,0.8162702322006226,0.8152151107788086,0.8046880960464478,0.5389163494110107
8,2042,2598.7734375,2598.744384765625,2598.772216796875,2598.773193359375,2598.7734375,2598.7734375,14.382341384887695,26.71607208251953,0.022098008543252945,0.02405943162739277,0.027050966396927834,0.02659379318356514,0.02331293560564518,0.053812846541404724,0.4619843363761902,0.8986690044403076,0.6152657866477966,0.5207781195640564,0.4734046161174774,0.6308665871620178,0.14069481194019318,0.14642371237277985,0.16144827008247375,0.1559761017560959,0.14614337682724,0.23437710106372833,0.029767384752631187,0.028072189539670944,0.030389903113245964,0.030225256457924843,0.030238647013902664,0.03857264295220375,0.15124893188476562,0.15270008146762848,0.15470296144485474,0.15337954461574554,0.1527535319328308,0.21924462914466858,,,,,,,,,,,,,,,,,,,,,,,,,,,,,,,,,,,,,,,,,,,,,,,,,,,,,,,,,,
9,2049,,,,,,,,,,,,,,,,,,,,,,,,,,,,,,,,,,,,,,,9.999999747378752e-05,9.999999747378752e-05,3.232564267818816e-06,,,,,,,,,,,,,,,,,,,,,,,,,,,,,,,,,,,,,,,,,,,,,,,,,,,,,,,
9,2099,,,,,,,,,,,,,,,,,,,,,,,,,,,,,,,,,,,,,,,9.999999747378752e-05,9.999999747378752e-05,3.232564267818816e-06,,,,,,,,,,,,,,,,,,,,,,,,,,,,,,,,,,,,,,,,,,,,,,,,,,,,,,,
9,2149,,,,,,,,,,,,,,,,,,,,,,,,,,,,,,,,,,,,,,,9.999999747378752e-05,9.999999747378752e-05,3.232564267818816e-06,,,,,,,,,,,,,,,,,,,,,,,,,,,,,,,,,,,,,,,,,,,,,,,,,,,,,,,
9,2199,,,,,,,,,,,,,,,,,,,,,,,,,,,,,,,,,,,,,,,9.999999747378752e-05,9.999999747378752e-05,3.232564267818816e-06,,,,,,,,,,,,,,,,,,,,,,,,,,,,,,,,,,,,,,,,,,,,,,,,,,,,,,,
9,2249,,,,,,,,,,,,,,,,,,,,,,,,,,,,,,,,,,,,,,,9.999999747378752e-05,9.999999747378752e-05,3.232564267818816e-06,,,,,,,,,,,,,,,,,,,,,,,,,,,,,,,,,,,,,,,,,,,,,,,,,,,,,,,
9,2269,,,,,,,,,,,,,,,,,,,,,,,,,,,,,,,,,,,,,,,,,,0.3517451286315918,0.7776135206222534,0.7792311906814575,0.8389107584953308,198.15841674804688,198.15841674804688,198.15841674804688,198.15841674804688,198.15841674804688,198.15841674804688,4.95049524307251,0.9293075203895569,0.6858711242675781,0.8554501533508301,0.8378892540931702,0.5771121382713318,31.199302673339844,0.0224374458193779,0.024332700297236443,0.028246935456991196,0.026417072862386703,0.025204351171851158,0.05356522276997566,0.6058539748191833,0.9138892889022827,0.7116512656211853,0.6492366194725037,0.6007888913154602,0.7883012890815735,0.1962059736251831,0.19610595703125,0.21295900642871857,0.2153729498386383,0.21128016710281372,0.3003326654434204,0.04705345630645752,0.048021018505096436,0.05338884890079498,0.05039656162261963,0.04661739990115166,0.05367068573832512,0.13566778600215912,0.1532779186964035,0.15344038605690002,0.15287108719348907,0.14314571022987366,0.21948190033435822,0.9108155965805054,0.6361966133117676,0.6776624917984009,0.8172615170478821,0.8516991138458252,0.8266978859901428,0.8345485925674438,0.5609528422355652
9,2269,2598.749267578125,2598.74853515625,2598.748779296875,2598.748779296875,2598.749267578125,2598.749267578125,12.93113899230957,27.228578567504883,0.021607164293527603,0.02573070488870144,0.02860923856496811,0.02748517133295536,0.02341168001294136,0.05740934982895851,0.4613381624221802,0.9117915034294128,0.6289278864860535,0.5351802110671997,0.4786505103111267,0.6501710414886475,0.14236260950565338,0.15186138451099396,0.16707037389278412,0.16349846124649048,0.1494990438222885,0.23984818160533905,0.029678046703338623,0.029230689629912376,0.031542785465717316,0.030520696192979813,0.02971392683684826,0.040833551436662674,0.1536957025527954,0.15666687488555908,0.15740561485290527,0.15515731275081635,0.15440157055854797,0.22090309858322144,,,,,,,,,,,,,,,,,,,,,,,,,,,,,,,,,,,,,,,,,,,,,,,,,,,,,,,,,,
10,2299,,,,,,,,,,,,,,,,,,,,,,,,,,,,,,,,,,,,,,,9.999999747378752e-05,9.999999747378752e-05,3.232564267818816e-06,,,,,,,,,,,,,,,,,,,,,,,,,,,,,,,,,,,,,,,,,,,,,,,,,,,,,,,
10,2349,,,,,,,,,,,,,,,,,,,,,,,,,,,,,,,,,,,,,,,9.999999747378752e-05,9.999999747378752e-05,3.232564267818816e-06,,,,,,,,,,,,,,,,,,,,,,,,,,,,,,,,,,,,,,,,,,,,,,,,,,,,,,,
10,2399,,,,,,,,,,,,,,,,,,,,,,,,,,,,,,,,,,,,,,,9.999999747378752e-05,9.999999747378752e-05,3.232564267818816e-06,,,,,,,,,,,,,,,,,,,,,,,,,,,,,,,,,,,,,,,,,,,,,,,,,,,,,,,
10,2449,,,,,,,,,,,,,,,,,,,,,,,,,,,,,,,,,,,,,,,9.999999747378752e-05,9.999999747378752e-05,3.232564267818816e-06,,,,,,,,,,,,,,,,,,,,,,,,,,,,,,,,,,,,,,,,,,,,,,,,,,,,,,,
10,2496,,,,,,,,,,,,,,,,,,,,,,,,,,,,,,,,,,,,,,,,,,0.33071333169937134,0.8160641193389893,0.7561531662940979,0.8165249228477478,198.15841674804688,198.15594482421875,198.15841674804688,198.15841674804688,198.15841674804688,198.15841674804688,4.95049524307251,0.9250052571296692,0.6736081838607788,0.8519942760467529,0.82793790102005,0.5768425464630127,30.855213165283203,0.022034959867596626,0.022388314828276634,0.02545374445617199,0.02629551850259304,0.024430308490991592,0.04866752028465271,0.6437651515007019,0.9384850263595581,0.7141870856285095,0.6721990704536438,0.6504195332527161,0.7482245564460754,0.18521063029766083,0.1828460544347763,0.20151005685329437,0.19918884336948395,0.188007190823555,0.28821036219596863,0.035821203142404556,0.03610699996352196,0.03732681646943092,0.035931285470724106,0.036733560264110565,0.044000294059515,0.13603074848651886,0.15391139686107635,0.14426515996456146,0.13697828352451324,0.13502910733222961,0.20436938107013702,0.8959117531776428,0.6343101859092712,0.670276939868927,0.8213786482810974,0.8070591688156128,0.8291491270065308,0.8173684477806091,0.57951420545578
10,2496,2598.762451171875,2598.748046875,2598.761474609375,2598.754638671875,2598.762451171875,2598.762451171875,13.87869930267334,28.387971878051758,0.021245190873742104,0.02552984654903412,0.02768007107079029,0.0260208398103714,0.02322574146091938,0.05656261369585991,0.5249893069267273,0.9180909991264343,0.6661658883094788,0.5867545008659363,0.5458161234855652,0.6958192586898804,0.14195683598518372,0.15048006176948547,0.16680459678173065,0.16153042018413544,0.15040487051010132,0.24246659874916077,0.028890078887343407,0.028187518939375877,0.03011593408882618,0.029156755656003952,0.028970466926693916,0.039537154138088226,0.14822521805763245,0.15100088715553284,0.15210044384002686,0.15130390226840973,0.14880356192588806,0.2179516702890396,,,,,,,,,,,,,,,,,,,,,,,,,,,,,,,,,,,,,,,,,,,,,,,,,,,,,,,,,,
11,2499,,,,,,,,,,,,,,,,,,,,,,,,,,,,,,,,,,,,,,,9.999999747378752e-05,9.999999747378752e-05,3.232564267818816e-06,,,,,,,,,,,,,,,,,,,,,,,,,,,,,,,,,,,,,,,,,,,,,,,,,,,,,,,
11,2549,,,,,,,,,,,,,,,,,,,,,,,,,,,,,,,,,,,,,,,9.999999747378752e-05,9.999999747378752e-05,3.232564267818816e-06,,,,,,,,,,,,,,,,,,,,,,,,,,,,,,,,,,,,,,,,,,,,,,,,,,,,,,,
11,2599,,,,,,,,,,,,,,,,,,,,,,,,,,,,,,,,,,,,,,,9.999999747378752e-05,9.999999747378752e-05,3.232564267818816e-06,,,,,,,,,,,,,,,,,,,,,,,,,,,,,,,,,,,,,,,,,,,,,,,,,,,,,,,
11,2649,,,,,,,,,,,,,,,,,,,,,,,,,,,,,,,,,,,,,,,9.999999747378752e-05,9.999999747378752e-05,3.232564267818816e-06,,,,,,,,,,,,,,,,,,,,,,,,,,,,,,,,,,,,,,,,,,,,,,,,,,,,,,,
11,2699,,,,,,,,,,,,,,,,,,,,,,,,,,,,,,,,,,,,,,,9.999999747378752e-05,9.999999747378752e-05,3.232564267818816e-06,,,,,,,,,,,,,,,,,,,,,,,,,,,,,,,,,,,,,,,,,,,,,,,,,,,,,,,
11,2723,,,,,,,,,,,,,,,,,,,,,,,,,,,,,,,,,,,,,,,,,,0.37945958971977234,0.8301324248313904,0.8061790466308594,0.8465440273284912,198.15841674804688,198.15841674804688,198.15841674804688,198.15841674804688,198.15841674804688,198.15841674804688,4.95049524307251,0.9353982210159302,0.6821239590644836,0.8547850251197815,0.8366637229919434,0.5817551016807556,29.365991592407227,0.020011236891150475,0.02674173191189766,0.029970083385705948,0.026018762961030006,0.0218290276825428,0.06018795818090439,0.5931119918823242,0.8061650395393372,0.6580651998519897,0.6669063568115234,0.6087233424186707,0.7209275364875793,0.17457875609397888,0.18599215149879456,0.2048744112253189,0.19262512028217316,0.18527954816818237,0.2898814380168915,0.04066053777933121,0.03919929638504982,0.04303247481584549,0.038964852690696716,0.040260981768369675,0.049739982932806015,0.13202910125255585,0.14107480645179749,0.13912801444530487,0.13402514159679413,0.1345621794462204,0.2085714042186737,0.9166964888572693,0.6719236969947815,0.7251889109611511,0.8430890440940857,0.863903284072876,0.8300120234489441,0.8368842601776123,0.5721253752708435
11,2723,2598.774169921875,2598.7568359375,2598.77392578125,2598.76953125,2598.774169921875,2598.774169921875,14.335536003112793,26.932411193847656,0.021298760548233986,0.023890038952231407,0.026307662948966026,0.024596761912107468,0.02294880524277687,0.05688329041004181,0.480536550283432,0.879469096660614,0.6155539155006409,0.5333200693130493,0.5017383098602295,0.6305606961250305,0.14182917773723602,0.14729641377925873,0.161634624004364,0.1550259292125702,0.1473788470029831,0.23628145456314087,0.030446534976363182,0.02922157011926174,0.029973579570651054,0.030293146148324013,0.03043454699218273,0.0393911674618721,0.1510002166032791,0.15388242900371552,0.15533091127872467,0.15290701389312744,0.15314413607120514,0.21757498383522034,,,,,,,,,,,,,,,,,,,,,,,,,,,,,,,,,,,,,,,,,,,,,,,,,,,,,,,,,,
12,2749,,,,,,,,,,,,,,,,,,,,,,,,,,,,,,,,,,,,,,,9.999999747378752e-05,9.999999747378752e-05,3.232564267818816e-06,,,,,,,,,,,,,,,,,,,,,,,,,,,,,,,,,,,,,,,,,,,,,,,,,,,,,,,
12,2799,,,,,,,,,,,,,,,,,,,,,,,,,,,,,,,,,,,,,,,9.999999747378752e-05,9.999999747378752e-05,3.232564267818816e-06,,,,,,,,,,,,,,,,,,,,,,,,,,,,,,,,,,,,,,,,,,,,,,,,,,,,,,,
12,2849,,,,,,,,,,,,,,,,,,,,,,,,,,,,,,,,,,,,,,,9.999999747378752e-05,9.999999747378752e-05,3.232564267818816e-06,,,,,,,,,,,,,,,,,,,,,,,,,,,,,,,,,,,,,,,,,,,,,,,,,,,,,,,
12,2899,,,,,,,,,,,,,,,,,,,,,,,,,,,,,,,,,,,,,,,9.999999747378752e-05,9.999999747378752e-05,3.232564267818816e-06,,,,,,,,,,,,,,,,,,,,,,,,,,,,,,,,,,,,,,,,,,,,,,,,,,,,,,,
12,2949,,,,,,,,,,,,,,,,,,,,,,,,,,,,,,,,,,,,,,,9.999999747378752e-05,9.999999747378752e-05,3.232564267818816e-06,,,,,,,,,,,,,,,,,,,,,,,,,,,,,,,,,,,,,,,,,,,,,,,,,,,,,,,
12,2950,,,,,,,,,,,,,,,,,,,,,,,,,,,,,,,,,,,,,,,,,,0.37311485409736633,0.8034734725952148,0.7762442231178284,0.8331484198570251,198.15841674804688,198.15841674804688,198.15841674804688,198.15841674804688,198.15841674804688,198.15841674804688,4.95049524307251,0.9175698757171631,0.677617609500885,0.849249005317688,0.8269438743591309,0.5768712759017944,30.534412384033203,0.022128993645310402,0.022907249629497528,0.027396654710173607,0.026072440668940544,0.022681448608636856,0.05579013004899025,0.5875146389007568,0.9103391766548157,0.6660704016685486,0.6498452425003052,0.6107233166694641,0.7917493581771851,0.18251395225524902,0.18999545276165009,0.21436232328414917,0.2044266164302826,0.18541589379310608,0.28058916330337524,0.04291229322552681,0.03917492553591728,0.04157385602593422,0.04461327940225601,0.04302320256829262,0.045035991817712784,0.14246854186058044,0.15167737007141113,0.158567875623703,0.14665372669696808,0.14147700369358063,0.21356472373008728,0.9189239740371704,0.650944173336029,0.687831461429596,0.8285301327705383,0.8377976417541504,0.828784167766571,0.8070371150970459,0.5387037396430969
12,2950,2598.76171875,2598.75830078125,2598.760009765625,2598.74951171875,2598.76171875,2598.76171875,13.456029891967773,27.011367797851562,0.02094482257962227,0.025342287495732307,0.02874004654586315,0.026870395988225937,0.022668298333883286,0.05776718631386757,0.48750850558280945,0.8768123388290405,0.616585373878479,0.5533607006072998,0.5047402381896973,0.6391337513923645,0.13715897500514984,0.14963454008102417,0.1629476100206375,0.1570879966020584,0.14409396052360535,0.23364584147930145,0.028821775689721107,0.027983902022242546,0.029669679701328278,0.02876104600727558,0.029104897752404213,0.03850233927369118,0.14709115028381348,0.15327531099319458,0.1513410359621048,0.14935709536075592,0.14884038269519806,0.21522590517997742,,,,,,,,,,,,,,,,,,,,,,,,,,,,,,,,,,,,,,,,,,,,,,,,,,,,,,,,,,
13,2999,,,,,,,,,,,,,,,,,,,,,,,,,,,,,,,,,,,,,,,9.999999747378752e-05,9.999999747378752e-05,3.232564267818816e-06,,,,,,,,,,,,,,,,,,,,,,,,,,,,,,,,,,,,,,,,,,,,,,,,,,,,,,,
13,3049,,,,,,,,,,,,,,,,,,,,,,,,,,,,,,,,,,,,,,,9.999999747378752e-05,9.999999747378752e-05,3.232564267818816e-06,,,,,,,,,,,,,,,,,,,,,,,,,,,,,,,,,,,,,,,,,,,,,,,,,,,,,,,
13,3099,,,,,,,,,,,,,,,,,,,,,,,,,,,,,,,,,,,,,,,9.999999747378752e-05,9.999999747378752e-05,3.232564267818816e-06,,,,,,,,,,,,,,,,,,,,,,,,,,,,,,,,,,,,,,,,,,,,,,,,,,,,,,,
13,3149,,,,,,,,,,,,,,,,,,,,,,,,,,,,,,,,,,,,,,,9.999999747378752e-05,9.999999747378752e-05,3.232564267818816e-06,,,,,,,,,,,,,,,,,,,,,,,,,,,,,,,,,,,,,,,,,,,,,,,,,,,,,,,
13,3177,,,,,,,,,,,,,,,,,,,,,,,,,,,,,,,,,,,,,,,,,,0.35021674633026123,0.8301133513450623,0.7640109062194824,0.83469557762146,198.15841674804688,198.15841674804688,198.15841674804688,198.15594482421875,198.15841674804688,198.15841674804688,4.95049524307251,0.9233502745628357,0.6765905022621155,0.845518946647644,0.8380242586135864,0.5781075358390808,30.38001251220703,0.021203679963946342,0.027784764766693115,0.02829444780945778,0.027301011607050896,0.023993032053112984,0.04988488554954529,0.6034380197525024,0.85996413230896,0.660035252571106,0.6688199043273926,0.6266182065010071,0.7747520208358765,0.18529246747493744,0.2175648808479309,0.22478727996349335,0.20411168038845062,0.1912829875946045,0.28635892271995544,0.041205745190382004,0.043523240834474564,0.043792761862277985,0.04130660742521286,0.04029848054051399,0.05332713574171066,0.13003778457641602,0.14571143686771393,0.1459837108850479,0.1439855843782425,0.13939528167247772,0.21158567070960999,0.913597583770752,0.6481136679649353,0.6685100793838501,0.8361814618110657,0.8492587208747864,0.8242549896240234,0.8235922455787659,0.5601898431777954
13,3177,2598.77001953125,2598.766845703125,2598.76904296875,2598.719482421875,2598.77001953125,2598.77001953125,13.594120979309082,27.163421630859375,0.020940231159329414,0.02581152133643627,0.0292642954736948,0.026687441393733025,0.022661671042442322,0.06080899387598038,0.46668562293052673,0.8868178129196167,0.636894166469574,0.5454820394515991,0.4854193329811096,0.6613949537277222,0.14015193283557892,0.15045005083084106,0.1660250574350357,0.16059529781341553,0.14726436138153076,0.24191270768642426,0.02977101318538189,0.0285574272274971,0.029885735362768173,0.029353683814406395,0.029663527384400368,0.03946000710129738,0.14906860888004303,0.1536635309457779,0.1544845700263977,0.15129540860652924,0.1488824188709259,0.21716685593128204,,,,,,,,,,,,,,,,,,,,,,,,,,,,,,,,,,,,,,,,,,,,,,,,,,,,,,,,,,
14,3199,,,,,,,,,,,,,,,,,,,,,,,,,,,,,,,,,,,,,,,9.999999747378752e-05,9.999999747378752e-05,3.232564267818816e-06,,,,,,,,,,,,,,,,,,,,,,,,,,,,,,,,,,,,,,,,,,,,,,,,,,,,,,,
14,3249,,,,,,,,,,,,,,,,,,,,,,,,,,,,,,,,,,,,,,,9.999999747378752e-05,9.999999747378752e-05,3.232564267818816e-06,,,,,,,,,,,,,,,,,,,,,,,,,,,,,,,,,,,,,,,,,,,,,,,,,,,,,,,
14,3299,,,,,,,,,,,,,,,,,,,,,,,,,,,,,,,,,,,,,,,9.999999747378752e-05,9.999999747378752e-05,3.232564267818816e-06,,,,,,,,,,,,,,,,,,,,,,,,,,,,,,,,,,,,,,,,,,,,,,,,,,,,,,,
14,3349,,,,,,,,,,,,,,,,,,,,,,,,,,,,,,,,,,,,,,,9.999999747378752e-05,9.999999747378752e-05,3.232564267818816e-06,,,,,,,,,,,,,,,,,,,,,,,,,,,,,,,,,,,,,,,,,,,,,,,,,,,,,,,
14,3399,,,,,,,,,,,,,,,,,,,,,,,,,,,,,,,,,,,,,,,9.999999747378752e-05,9.999999747378752e-05,3.232564267818816e-06,,,,,,,,,,,,,,,,,,,,,,,,,,,,,,,,,,,,,,,,,,,,,,,,,,,,,,,
14,3404,,,,,,,,,,,,,,,,,,,,,,,,,,,,,,,,,,,,,,,,,,0.3835727870464325,0.7980608940124512,0.772219181060791,0.8055665493011475,198.15841674804688,198.15841674804688,198.15841674804688,198.15841674804688,198.15841674804688,198.15841674804688,4.95049524307251,0.9156792163848877,0.6763467788696289,0.854110598564148,0.8359588384628296,0.580634593963623,32.2258186340332,0.020518632605671883,0.02808389812707901,0.03110063262283802,0.024879617616534233,0.022000214084982872,0.0552021786570549,0.6745277047157288,0.9001017808914185,0.7370560169219971,0.7573758363723755,0.6640275716781616,0.769567608833313,0.17939788103103638,0.20997141301631927,0.22140319645404816,0.1988443285226822,0.18923087418079376,0.2992701828479767,0.05086703225970268,0.04948852211236954,0.054101504385471344,0.048330921679735184,0.05070679634809494,0.061000071465969086,0.13741722702980042,0.15230000019073486,0.14761345088481903,0.13256564736366272,0.13453418016433716,0.2225521206855774,0.9127236008644104,0.6512842774391174,0.6969665884971619,0.8301836848258972,0.7850967049598694,0.8275604248046875,0.8212751150131226,0.5426552295684814
14,3404,2598.763427734375,2598.757080078125,2598.763427734375,2598.662353515625,2598.763427734375,2598.763427734375,14.055899620056152,27.7994327545166,0.02160440757870674,0.026808643713593483,0.032227691262960434,0.02780202403664589,0.023028571158647537,0.059763360768556595,0.51914381980896,0.8808337450027466,0.66095370054245,0.5812145471572876,0.537160336971283,0.6459854245185852,0.14106786251068115,0.15741637349128723,0.1764887571334839,0.16134625673294067,0.14564022421836853,0.2426697164773941,0.02806992642581463,0.027535779401659966,0.02819323167204857,0.02830132097005844,0.02837681956589222,0.03748156502842903,0.14573030173778534,0.15241456031799316,0.1497984677553177,0.14713935554027557,0.14679020643234253,0.21366910636425018,,,,,,,,,,,,,,,,,,,,,,,,,,,,,,,,,,,,,,,,,,,,,,,,,,,,,,,,,,
15,3449,,,,,,,,,,,,,,,,,,,,,,,,,,,,,,,,,,,,,,,9.999999747378752e-05,9.999999747378752e-05,3.232564267818816e-06,,,,,,,,,,,,,,,,,,,,,,,,,,,,,,,,,,,,,,,,,,,,,,,,,,,,,,,
15,3499,,,,,,,,,,,,,,,,,,,,,,,,,,,,,,,,,,,,,,,9.999999747378752e-05,9.999999747378752e-05,3.232564267818816e-06,,,,,,,,,,,,,,,,,,,,,,,,,,,,,,,,,,,,,,,,,,,,,,,,,,,,,,,
15,3549,,,,,,,,,,,,,,,,,,,,,,,,,,,,,,,,,,,,,,,9.999999747378752e-05,9.999999747378752e-05,3.232564267818816e-06,,,,,,,,,,,,,,,,,,,,,,,,,,,,,,,,,,,,,,,,,,,,,,,,,,,,,,,
15,3599,,,,,,,,,,,,,,,,,,,,,,,,,,,,,,,,,,,,,,,9.999999747378752e-05,9.999999747378752e-05,3.232564267818816e-06,,,,,,,,,,,,,,,,,,,,,,,,,,,,,,,,,,,,,,,,,,,,,,,,,,,,,,,
15,3631,,,,,,,,,,,,,,,,,,,,,,,,,,,,,,,,,,,,,,,,,,0.372988760471344,0.8530006408691406,0.7770785093307495,0.8154544830322266,198.15841674804688,198.15841674804688,198.15841674804688,198.15841674804688,198.15841674804688,198.15841674804688,4.95049524307251,0.9212940335273743,0.681676983833313,0.8547790050506592,0.8261104226112366,0.5766196846961975,30.887073516845703,0.019085215404629707,0.026362162083387375,0.029687723144888878,0.022889047861099243,0.0208244938403368,0.0544261559844017,0.5763819217681885,1.0565905570983887,0.6845001578330994,0.6433412432670593,0.5982378125190735,0.7522950768470764,0.1765059232711792,0.19899627566337585,0.21739979088306427,0.20188599824905396,0.18833935260772705,0.29532137513160706,0.04031513258814812,0.04244042560458183,0.04522733390331268,0.04085187241435051,0.04128880426287651,0.049957238137722015,0.13775640726089478,0.15301674604415894,0.14431168138980865,0.14309711754322052,0.144897922873497,0.19825278222560883,0.9259727001190186,0.667689323425293,0.7023230195045471,0.8501173257827759,0.8351146578788757,0.7979187369346619,0.8092663288116455,0.5682905316352844
15,3631,2598.758056640625,2598.756103515625,2598.758056640625,2598.72216796875,2598.758056640625,2598.758056640625,13.9392728805542,26.361921310424805,0.021742181852459908,0.02695256471633911,0.03184307739138603,0.028557466343045235,0.023491865023970604,0.05597211793065071,0.4406915009021759,0.8674677610397339,0.6161266565322876,0.5576672554016113,0.4629144072532654,0.6001043915748596,0.13935984671115875,0.15175777673721313,0.17253148555755615,0.1622486263513565,0.14725680649280548,0.23175734281539917,0.02802523784339428,0.027928946539759636,0.028579052537679672,0.02828787826001644,0.02818548120558262,0.03935724124312401,0.14560820162296295,0.15011245012283325,0.15165600180625916,0.147638201713562,0.14695632457733154,0.2145545482635498,,,,,,,,,,,,,,,,,,,,,,,,,,,,,,,,,,,,,,,,,,,,,,,,,,,,,,,,,,
16,3649,,,,,,,,,,,,,,,,,,,,,,,,,,,,,,,,,,,,,,,9.999999747378752e-05,9.999999747378752e-05,3.232564267818816e-06,,,,,,,,,,,,,,,,,,,,,,,,,,,,,,,,,,,,,,,,,,,,,,,,,,,,,,,
16,3699,,,,,,,,,,,,,,,,,,,,,,,,,,,,,,,,,,,,,,,9.999999747378752e-05,9.999999747378752e-05,3.232564267818816e-06,,,,,,,,,,,,,,,,,,,,,,,,,,,,,,,,,,,,,,,,,,,,,,,,,,,,,,,
16,3749,,,,,,,,,,,,,,,,,,,,,,,,,,,,,,,,,,,,,,,9.999999747378752e-05,9.999999747378752e-05,3.232564267818816e-06,,,,,,,,,,,,,,,,,,,,,,,,,,,,,,,,,,,,,,,,,,,,,,,,,,,,,,,
16,3799,,,,,,,,,,,,,,,,,,,,,,,,,,,,,,,,,,,,,,,9.999999747378752e-05,9.999999747378752e-05,3.232564267818816e-06,,,,,,,,,,,,,,,,,,,,,,,,,,,,,,,,,,,,,,,,,,,,,,,,,,,,,,,
16,3849,,,,,,,,,,,,,,,,,,,,,,,,,,,,,,,,,,,,,,,9.999999747378752e-05,9.999999747378752e-05,3.232564267818816e-06,,,,,,,,,,,,,,,,,,,,,,,,,,,,,,,,,,,,,,,,,,,,,,,,,,,,,,,
16,3858,,,,,,,,,,,,,,,,,,,,,,,,,,,,,,,,,,,,,,,,,,0.33228448033332825,0.7852837443351746,0.7363555431365967,0.788215160369873,198.15841674804688,198.15841674804688,198.15841674804688,198.15841674804688,198.15841674804688,198.15841674804688,4.95049524307251,0.9199947118759155,0.673844039440155,0.8516884446144104,0.8145709037780762,0.5745580196380615,31.787723541259766,0.022911543026566505,0.02723587118089199,0.026049263775348663,0.02653159573674202,0.02316146343946457,0.051998257637023926,0.6699804663658142,0.8608550429344177,0.7610025405883789,0.6850345730781555,0.723289430141449,0.7580546736717224,0.19384965300559998,0.19509322941303253,0.2016259878873825,0.20733359456062317,0.1953946053981781,0.27965131402015686,0.042753223329782486,0.047281261533498764,0.05274480953812599,0.04813408479094505,0.04250241816043854,0.05662437155842781,0.13777385652065277,0.15552134811878204,0.14959199726581573,0.1399693787097931,0.1293773055076599,0.20998716354370117,0.8921645283699036,0.617974579334259,0.6575846076011658,0.8227832913398743,0.7953962683677673,0.7863720655441284,0.791660487651825,0.5359899401664734
16,3858,2598.760498046875,2598.7578125,2598.760498046875,2598.61669921875,2598.760498046875,2598.760498046875,13.322532653808594,27.63678741455078,0.021843500435352325,0.027441538870334625,0.03109222836792469,0.02893577329814434,0.024080077186226845,0.05513273924589157,0.5155583024024963,0.8674036860466003,0.662591278553009,0.5884739756584167,0.5409205555915833,0.6189149618148804,0.14282576739788055,0.15776267647743225,0.1772029548883438,0.16582821309566498,0.15258103609085083,0.23428213596343994,0.028426337987184525,0.027627069503068924,0.02933613397181034,0.02916235290467739,0.02864081598818302,0.038607846945524216,0.14519645273685455,0.14991307258605957,0.15081815421581268,0.14736580848693848,0.14554043114185333,0.2121422290802002,,,,,,,,,,,,,,,,,,,,,,,,,,,,,,,,,,,,,,,,,,,,,,,,,,,,,,,,,,
17,3899,,,,,,,,,,,,,,,,,,,,,,,,,,,,,,,,,,,,,,,9.999999747378752e-05,9.999999747378752e-05,3.232564267818816e-06,,,,,,,,,,,,,,,,,,,,,,,,,,,,,,,,,,,,,,,,,,,,,,,,,,,,,,,
17,3949,,,,,,,,,,,,,,,,,,,,,,,,,,,,,,,,,,,,,,,9.999999747378752e-05,9.999999747378752e-05,3.232564267818816e-06,,,,,,,,,,,,,,,,,,,,,,,,,,,,,,,,,,,,,,,,,,,,,,,,,,,,,,,
17,3999,,,,,,,,,,,,,,,,,,,,,,,,,,,,,,,,,,,,,,,9.999999747378752e-05,9.999999747378752e-05,3.232564267818816e-06,,,,,,,,,,,,,,,,,,,,,,,,,,,,,,,,,,,,,,,,,,,,,,,,,,,,,,,
17,4049,,,,,,,,,,,,,,,,,,,,,,,,,,,,,,,,,,,,,,,9.999999747378752e-05,9.999999747378752e-05,3.232564267818816e-06,,,,,,,,,,,,,,,,,,,,,,,,,,,,,,,,,,,,,,,,,,,,,,,,,,,,,,,
17,4085,,,,,,,,,,,,,,,,,,,,,,,,,,,,,,,,,,,,,,,,,,0.3900819718837738,0.8013937473297119,0.7719064950942993,0.8445447683334351,198.15841674804688,198.15841674804688,198.15841674804688,198.15841674804688,198.15841674804688,198.15841674804688,4.95049524307251,0.9203725457191467,0.6758410334587097,0.8410225510597229,0.8387503027915955,0.5781962871551514,29.03830337524414,0.024315623566508293,0.025578536093235016,0.028671300038695335,0.026593342423439026,0.024475082755088806,0.05596492812037468,0.5710503458976746,0.8019238710403442,0.6342736482620239,0.6349667906761169,0.5828313231468201,0.7088426351547241,0.18730981647968292,0.20026201009750366,0.20963634550571442,0.19851572811603546,0.19471120834350586,0.2886929512023926,0.041558071970939636,0.04160681739449501,0.04943588376045227,0.04057232663035393,0.04150686040520668,0.051414914429187775,0.1356229931116104,0.1425165832042694,0.1555342674255371,0.13623961806297302,0.13971585035324097,0.2007998824119568,0.9268702268600464,0.6544607281684875,0.6797106862068176,0.826176106929779,0.8420430421829224,0.8470635414123535,0.8244598507881165,0.5663604140281677
17,4085,2598.76416015625,2598.7607421875,2598.76416015625,2598.763427734375,2598.76416015625,2598.76416015625,12.384220123291016,27.038759231567383,0.020871099084615707,0.025979386642575264,0.028208212926983833,0.025707488879561424,0.022197837010025978,0.05616848170757294,0.4720659554004669,0.877244770526886,0.6509103775024414,0.5537025928497314,0.5027246475219727,0.6032957434654236,0.14096830785274506,0.15559951961040497,0.16630703210830688,0.16086260974407196,0.14649136364459991,0.2339497059583664,0.02832672744989395,0.027394572272896767,0.028139973059296608,0.02873391844332218,0.028856908902525902,0.03678426519036293,0.15097737312316895,0.15593597292900085,0.15505626797676086,0.15344266593456268,0.15191492438316345,0.22143489122390747,,,,,,,,,,,,,,,,,,,,,,,,,,,,,,,,,,,,,,,,,,,,,,,,,,,,,,,,,,
