experiment_id,family,method,precision,input_shape,bbox_ap,bbox_ap50,bbox_ap75,bbox_ap_small,bbox_ap_medium,bbox_ap_large,bbox_ar100,mask_ap,mask_ap50,mask_ap75,mask_ap_small,mask_ap_medium,mask_ap_large,mask_ar100,semantic_miou,benchmark_repetitions,measured_runs_per_repetition,total_measured_runs,replicate_median_ms,replicate_mean_ms,replicate_median_mean_ms,replicate_median_std_ms,replicate_median_cv,replicate_median_ci95_low_ms,replicate_median_ci95_high_ms,mean_ms,median_ms,standard_deviation_ms,coefficient_of_variation,min_ms,max_ms,p05_ms,p25_ms,p75_ms,p95_ms,p99_ms,iqr_ms,fps,gpu_peak_allocated_bytes,gpu_peak_reserved_bytes,engine_size_bytes,engine_sha256,annotation_sha256,test_image_count,prediction_count,engine,benchmarks,load_stabilization_records,evaluation,all_benchmarks,latency_measurement_rounds,latency_retry_performed,latency_retry_count,latency_stability_unresolved,bbox_ap_delta_vs_B01,mask_ap_delta_vs_B01,semantic_miou_delta_vs_B01,median_latency_reduction_vs_B01_pct,speedup_vs_B01,engine_size_reduction_vs_B01_pct,gpu_memory_reduction_vs_B01_pct,measurement_valid,latency_stability_warning,accuracy_gate_pass,realtime_target_fps,median_latency_budget_ms,realtime_30fps_pass,p95_latency_warning,stage3_pareto_eligible,final_recommendation_eligible,exclusion_reason,pareto_optimal,deployment_candidate
B01,baseline,none,fp32,1x3x504x504,0.7378589271657685,0.9268739559620214,0.7921449439777805,0.3108272172948915,0.6103673048630374,0.8415875264113254,0.8793871239311294,0.6026426958851505,0.8399217797660261,0.6488118849989394,0.05679280617727269,0.48866117603692816,0.7159652185775518,0.729644128492741,0.7120070817052193,3,200,600,"[45.865366999350954, 45.774185498885345, 45.76235649801674]","[46.034489404446504, 45.990707429627946, 46.04127945516666]",45.800636332084345,0.05636954655638497,0.0012307590258718059,45.66059531378848,45.94067735038021,46.02215876308037,45.82025699710357,1.2844751555142258,0.027909928391813076,43.22496500390116,49.91654799960088,44.25489459936216,45.08433199953288,46.6919632472127,48.56151670392137,49.34060668594611,1.6076312476798194,21.728663471610425,941561856,1000341504,135622764,b7800a7c51d9163f3b88030919f15231ff1b262cad9feac52bbd09081684ef6d,037949731e462ecb42feb6e61b61fbca555dfe2a3d381464ad36a17b0a7ff9b9,437,86415,artifacts/experiments/B01/front/model.engine,"['results/benchmarks/notebook-controlled/20260904_104755/B01/repeat-01/front_tensorrt_fp32_20260904_104843.json', 'results/benchmarks/notebook-controlled/20260904_104755/B01/repeat-02/front_tensorrt_fp32_20260904_104901.json', 'results/benchmarks/notebook-controlled/20260904_104755/B01/repeat-03/front_tensorrt_fp32_20260904_104919.json']","['results/measurement-environment/20260904_104755/B01/repeat-01-attempt-01.json', 'results/measurement-environment/20260904_104755/B01/repeat-02-attempt-01.json', 'results/measurement-environment/20260904_104755/B01/repeat-03-attempt-01.json']",results/coco-evaluation/B01-front.json,"['results/benchmarks/notebook-controlled/20260904_104755/B01/repeat-01/front_tensorrt_fp32_20260904_104843.json', 'results/benchmarks/notebook-controlled/20260904_104755/B01/repeat-02/front_tensorrt_fp32_20260904_104901.json', 'results/benchmarks/notebook-controlled/20260904_104755/B01/repeat-03/front_tensorrt_fp32_20260904_104919.json']","[{'round': 1, 'benchmarks': ['results/benchmarks/notebook-controlled/20260904_104755/B01/repeat-01/front_tensorrt_fp32_20260904_104843.json', 'results/benchmarks/notebook-controlled/20260904_104755/B01/repeat-02/front_tensorrt_fp32_20260904_104901.json', 'results/benchmarks/notebook-controlled/20260904_104755/B01/repeat-03/front_tensorrt_fp32_20260904_104919.json'], 'aggregate': {'benchmark_repetitions': 3, 'measured_runs_per_repetition': 200, 'total_measured_runs': 600, 'replicate_median_ms': [45.865366999350954, 45.774185498885345, 45.76235649801674], 'replicate_mean_ms': [46.034489404446504, 45.990707429627946, 46.04127945516666], 'replicate_median_mean_ms': 45.800636332084345, 'replicate_median_std_ms': 0.05636954655638497, 'replicate_median_cv': 0.0012307590258718059, 'replicate_median_ci95_low_ms': 45.66059531378848, 'replicate_median_ci95_high_ms': 45.94067735038021, 'mean_ms': 46.02215876308037, 'median_ms': 45.82025699710357, 'standard_deviation_ms': 1.2844751555142258, 'coefficient_of_variation': 0.027909928391813076, 'min_ms': 43.22496500390116, 'max_ms': 49.91654799960088, 'p05_ms': 44.25489459936216, 'p25_ms': 45.08433199953288, 'p75_ms': 46.6919632472127, 'p95_ms': 48.56151670392137, 'p99_ms': 49.34060668594611, 'iqr_ms': 1.6076312476798194, 'fps': 21.728663471610425, 'gpu_peak_allocated_bytes': 941561856, 'gpu_peak_reserved_bytes': 1000341504}, 'official': True}]",False,0,False,0.0,0.0,0.0,0.0,1.0,0.0,0.0,True,False,True,30.0,33.333333333333336,False,True,True,True,,False,False
B02,precision,tensorrt-fp16,fp16,1x3x504x504,0.7415530084406021,0.9275051218773379,0.7930866276291076,0.31399164313576833,0.6360391797757647,0.8468595654605359,0.8803819874346566,0.6017216878776938,0.8374940913575352,0.648793643811385,0.05334195308063992,0.48682626878739715,0.7146840996719729,0.730692346522091,0.7138475799724896,3,200,600,"[25.510872499580728, 26.78608849964803, 25.4791785046109]","[25.691386710132065, 26.664797089761123, 25.7630138402601]",25.92537983461322,0.7455640025368662,0.028758074415614024,24.073146696360688,27.777612972865754,26.03973254671776,25.775210498977685,1.3337748089065833,0.05122075683817659,23.657678997551557,38.57225999672664,24.354618451252463,25.116360249739955,26.930151745546027,28.130155548933544,29.321301157033297,1.813791495806072,38.40285218774443,941561856,1000341504,71242972,eedabbb239942a30399e9f1b59b0f8a0c9d76097de80e4efd466535a9b879185,037949731e462ecb42feb6e61b61fbca555dfe2a3d381464ad36a17b0a7ff9b9,437,86439,artifacts/experiments/B02/front/model.engine,"['results/benchmarks/notebook-controlled/20260904_104755/B02/repeat-01/front_tensorrt_fp16_20260904_104933.json', 'results/benchmarks/notebook-controlled/20260904_104755/B02/repeat-02/front_tensorrt_fp16_20260904_104947.json', 'results/benchmarks/notebook-controlled/20260904_104755/B02/repeat-03/front_tensorrt_fp16_20260904_105001.json']","['results/measurement-environment/20260904_104755/B02/repeat-01-attempt-01.json', 'results/measurement-environment/20260904_104755/B02/repeat-02-attempt-01.json', 'results/measurement-environment/20260904_104755/B02/repeat-03-attempt-01.json']",results/coco-evaluation/B02-front.json,"['results/benchmarks/notebook-controlled/20260904_104755/B02/repeat-01/front_tensorrt_fp16_20260904_104933.json', 'results/benchmarks/notebook-controlled/20260904_104755/B02/repeat-02/front_tensorrt_fp16_20260904_104947.json', 'results/benchmarks/notebook-controlled/20260904_104755/B02/repeat-03/front_tensorrt_fp16_20260904_105001.json']","[{'round': 1, 'benchmarks': ['results/benchmarks/notebook-controlled/20260904_104755/B02/repeat-01/front_tensorrt_fp16_20260904_104933.json', 'results/benchmarks/notebook-controlled/20260904_104755/B02/repeat-02/front_tensorrt_fp16_20260904_104947.json', 'results/benchmarks/notebook-controlled/20260904_104755/B02/repeat-03/front_tensorrt_fp16_20260904_105001.json'], 'aggregate': {'benchmark_repetitions': 3, 'measured_runs_per_repetition': 200, 'total_measured_runs': 600, 'replicate_median_ms': [25.510872499580728, 26.78608849964803, 25.4791785046109], 'replicate_mean_ms': [25.691386710132065, 26.664797089761123, 25.7630138402601], 'replicate_median_mean_ms': 25.92537983461322, 'replicate_median_std_ms': 0.7455640025368662, 'replicate_median_cv': 0.028758074415614024, 'replicate_median_ci95_low_ms': 24.073146696360688, 'replicate_median_ci95_high_ms': 27.777612972865754, 'mean_ms': 26.03973254671776, 'median_ms': 25.775210498977685, 'standard_deviation_ms': 1.3337748089065833, 'coefficient_of_variation': 0.05122075683817659, 'min_ms': 23.657678997551557, 'max_ms': 38.57225999672664, 'p05_ms': 24.354618451252463, 'p25_ms': 25.116360249739955, 'p75_ms': 26.930151745546027, 'p95_ms': 28.130155548933544, 'p99_ms': 29.321301157033297, 'iqr_ms': 1.813791495806072, 'fps': 38.40285218774443, 'gpu_peak_allocated_bytes': 941561856, 'gpu_peak_reserved_bytes': 1000341504}, 'official': True}]",False,0,False,0.003694081274833616,-0.0009210080074567584,0.0018404982672702852,43.747128042937405,1.7776870143862036,47.469753676455085,0.0,True,False,True,30.0,33.333333333333336,True,False,True,True,,False,False
B03,precision,tensorrt-int8-ptq,int8,1x3x504x504,0.7421901253864573,0.9283440854106519,0.7952832340439254,0.31254769924832465,0.6342850842923609,0.8478497259422241,0.8784045379137204,0.602749828431408,0.8396094796758079,0.6474215696365945,0.053793733353535725,0.48623889165257045,0.7151903388283486,0.7297329328771308,0.712443682711115,3,200,600,"[25.11864050029544, 26.1370039988833, 25.15864749875618]","[25.29866738466808, 26.305342669875245, 25.483774735002953]",25.471430665978307,0.5767504105652246,0.02264303164311767,24.038587584345166,26.904273747611448,25.695928263182093,25.360001498484053,1.2291048288609272,0.04783266890661529,23.745894999592565,31.56493799906457,24.230169856309658,24.793393997242674,26.461358998858486,27.903415251421393,29.424016557095452,1.667965001615812,38.91667153479839,941561856,1000341504,71309796,29efb304dc17c96d4a8b281be1a71eb5e1cf743fb8a87e30aaebe8e6b17d97cf,037949731e462ecb42feb6e61b61fbca555dfe2a3d381464ad36a17b0a7ff9b9,437,86420,artifacts/experiments/B03/front/model.engine,"['results/benchmarks/notebook-controlled/20260904_104755/B03/repeat-01/front_tensorrt_int8_20260904_105014.json', 'results/benchmarks/notebook-controlled/20260904_104755/B03/repeat-02/front_tensorrt_int8_20260904_105028.json', 'results/benchmarks/notebook-controlled/20260904_104755/B03/repeat-03/front_tensorrt_int8_20260904_105042.json']","['results/measurement-environment/20260904_104755/B03/repeat-01-attempt-01.json', 'results/measurement-environment/20260904_104755/B03/repeat-02-attempt-01.json', 'results/measurement-environment/20260904_104755/B03/repeat-03-attempt-01.json']",results/coco-evaluation/B03-front.json,"['results/benchmarks/notebook-controlled/20260904_104755/B03/repeat-01/front_tensorrt_int8_20260904_105014.json', 'results/benchmarks/notebook-controlled/20260904_104755/B03/repeat-02/front_tensorrt_int8_20260904_105028.json', 'results/benchmarks/notebook-controlled/20260904_104755/B03/repeat-03/front_tensorrt_int8_20260904_105042.json']","[{'round': 1, 'benchmarks': ['results/benchmarks/notebook-controlled/20260904_104755/B03/repeat-01/front_tensorrt_int8_20260904_105014.json', 'results/benchmarks/notebook-controlled/20260904_104755/B03/repeat-02/front_tensorrt_int8_20260904_105028.json', 'results/benchmarks/notebook-controlled/20260904_104755/B03/repeat-03/front_tensorrt_int8_20260904_105042.json'], 'aggregate': {'benchmark_repetitions': 3, 'measured_runs_per_repetition': 200, 'total_measured_runs': 600, 'replicate_median_ms': [25.11864050029544, 26.1370039988833, 25.15864749875618], 'replicate_mean_ms': [25.29866738466808, 26.305342669875245, 25.483774735002953], 'replicate_median_mean_ms': 25.471430665978307, 'replicate_median_std_ms': 0.5767504105652246, 'replicate_median_cv': 0.02264303164311767, 'replicate_median_ci95_low_ms': 24.038587584345166, 'replicate_median_ci95_high_ms': 26.904273747611448, 'mean_ms': 25.695928263182093, 'median_ms': 25.360001498484053, 'standard_deviation_ms': 1.2291048288609272, 'coefficient_of_variation': 0.04783266890661529, 'min_ms': 23.745894999592565, 'max_ms': 31.56493799906457, 'p05_ms': 24.230169856309658, 'p25_ms': 24.793393997242674, 'p75_ms': 26.461358998858486, 'p95_ms': 27.903415251421393, 'p99_ms': 29.424016557095452, 'iqr_ms': 1.667965001615812, 'fps': 38.91667153479839, 'gpu_peak_allocated_bytes': 941561856, 'gpu_peak_reserved_bytes': 1000341504}, 'official': True}]",False,0,False,0.004331198220688837,0.00010713254625749347,0.00043660100589570927,44.65329712121184,1.8067923615794175,47.42048171205241,0.0,True,False,True,30.0,33.333333333333336,True,False,True,True,,False,False
M01,semi-structured,nvidia-2to4,fp16,1x3x504x504,0.6345828690273081,0.9066032122687276,0.6978480344394071,0.22404947403893785,0.5768438833150134,0.7365292069606161,0.7877063098121311,0.517988143310128,0.8030065832256142,0.5591948804271022,0.043139789153267716,0.2944273394184036,0.6398070949785498,0.6773796443427956,0.6826235848602537,3,200,600,"[25.371922998601804, 25.168909996864386, 25.653619501099456]","[25.636607845262915, 25.308891300082905, 25.970511509622156]",25.39815083218855,0.2434168242232701,0.009584037272303062,24.793421115222046,26.00288054915505,25.63867021832266,25.386515499121742,1.0178099691553661,0.03969823553594402,23.64266099903034,29.305033000127878,24.33986774922232,24.924465749791125,26.20415775163565,27.630041898737545,28.270790903407033,1.2796920018445235,39.00358292706424,941561856,1000341504,71198284,34429486ea34f461cebfd4ed7b2e2df537160c9326589d120e74a962ac39efb7,037949731e462ecb42feb6e61b61fbca555dfe2a3d381464ad36a17b0a7ff9b9,437,87264,artifacts/experiments/M01/front/model.engine,"['results/benchmarks/notebook-controlled/20260904_104755/M01/repeat-01/front_tensorrt_fp16_20260904_105056.json', 'results/benchmarks/notebook-controlled/20260904_104755/M01/repeat-02/front_tensorrt_fp16_20260904_105110.json', 'results/benchmarks/notebook-controlled/20260904_104755/M01/repeat-03/front_tensorrt_fp16_20260904_105123.json']","['results/measurement-environment/20260904_104755/M01/repeat-01-attempt-01.json', 'results/measurement-environment/20260904_104755/M01/repeat-02-attempt-01.json', 'results/measurement-environment/20260904_104755/M01/repeat-03-attempt-01.json']",results/coco-evaluation/M01-front.json,"['results/benchmarks/notebook-controlled/20260904_104755/M01/repeat-01/front_tensorrt_fp16_20260904_105056.json', 'results/benchmarks/notebook-controlled/20260904_104755/M01/repeat-02/front_tensorrt_fp16_20260904_105110.json', 'results/benchmarks/notebook-controlled/20260904_104755/M01/repeat-03/front_tensorrt_fp16_20260904_105123.json']","[{'round': 1, 'benchmarks': ['results/benchmarks/notebook-controlled/20260904_104755/M01/repeat-01/front_tensorrt_fp16_20260904_105056.json', 'results/benchmarks/notebook-controlled/20260904_104755/M01/repeat-02/front_tensorrt_fp16_20260904_105110.json', 'results/benchmarks/notebook-controlled/20260904_104755/M01/repeat-03/front_tensorrt_fp16_20260904_105123.json'], 'aggregate': {'benchmark_repetitions': 3, 'measured_runs_per_repetition': 200, 'total_measured_runs': 600, 'replicate_median_ms': [25.371922998601804, 25.168909996864386, 25.653619501099456], 'replicate_mean_ms': [25.636607845262915, 25.308891300082905, 25.970511509622156], 'replicate_median_mean_ms': 25.39815083218855, 'replicate_median_std_ms': 0.2434168242232701, 'replicate_median_cv': 0.009584037272303062, 'replicate_median_ci95_low_ms': 24.793421115222046, 'replicate_median_ci95_high_ms': 26.00288054915505, 'mean_ms': 25.63867021832266, 'median_ms': 25.386515499121742, 'standard_deviation_ms': 1.0178099691553661, 'coefficient_of_variation': 0.03969823553594402, 'min_ms': 23.64266099903034, 'max_ms': 29.305033000127878, 'p05_ms': 24.33986774922232, 'p25_ms': 24.924465749791125, 'p75_ms': 26.20415775163565, 'p95_ms': 27.630041898737545, 'p99_ms': 28.270790903407033, 'iqr_ms': 1.2796920018445235, 'fps': 39.00358292706424, 'gpu_peak_allocated_bytes': 941561856, 'gpu_peak_reserved_bytes': 1000341504}, 'official': True}]",False,0,False,-0.10327605813846041,-0.08465455257502252,-0.029383496844965662,44.595431883486604,1.8049053245881161,47.50270389711273,0.0,True,False,False,30.0,33.333333333333336,True,False,False,False,accuracy retention gate failed,False,False
M02,semi-structured,nvidia-2to4,fp16,1x3x504x504,0.632380362274998,0.9051394892406524,0.7002936630194493,0.23004444851190609,0.6466274780332826,0.7340556473144345,0.7849560561396349,0.5148480302335408,0.7977061108149173,0.5585710767517705,0.040748802125895274,0.3049099714816371,0.6389520950785644,0.6723818226287619,0.6751028359197037,3,200,600,"[25.14567700200132, 25.21012199940742, 25.422765498660738]","[25.743770000008226, 25.47602516027837, 25.662433544785017]",25.25952150002316,0.14499910944918673,0.005740374355430834,24.89929467224574,25.619748327800576,25.627409568357205,25.26247049900121,1.5887532945822038,0.061994299125100676,23.210936000396032,40.46235499845352,23.92078685297747,24.66518025175901,26.367215750724426,28.145969146498825,29.207884659335832,1.7020354989654152,39.020721049962255,941561856,1000341504,65423652,808767d244919a7d37ca5e2509f2480b945e36ea5e8b44fb6f61c2871fc0d5c2,037949731e462ecb42feb6e61b61fbca555dfe2a3d381464ad36a17b0a7ff9b9,437,87258,artifacts/experiments/M02/front/model.engine,"['results/benchmarks/notebook-controlled/20260904_104755/M02/repeat-01/front_tensorrt_fp16_20260904_105137.json', 'results/benchmarks/notebook-controlled/20260904_104755/M02/repeat-02/front_tensorrt_fp16_20260904_105151.json', 'results/benchmarks/notebook-controlled/20260904_104755/M02/repeat-03/front_tensorrt_fp16_20260904_105205.json']","['results/measurement-environment/20260904_104755/M02/repeat-01-attempt-01.json', 'results/measurement-environment/20260904_104755/M02/repeat-02-attempt-01.json', 'results/measurement-environment/20260904_104755/M02/repeat-03-attempt-01.json']",results/coco-evaluation/M02-front.json,"['results/benchmarks/notebook-controlled/20260904_104755/M02/repeat-01/front_tensorrt_fp16_20260904_105137.json', 'results/benchmarks/notebook-controlled/20260904_104755/M02/repeat-02/front_tensorrt_fp16_20260904_105151.json', 'results/benchmarks/notebook-controlled/20260904_104755/M02/repeat-03/front_tensorrt_fp16_20260904_105205.json']","[{'round': 1, 'benchmarks': ['results/benchmarks/notebook-controlled/20260904_104755/M02/repeat-01/front_tensorrt_fp16_20260904_105137.json', 'results/benchmarks/notebook-controlled/20260904_104755/M02/repeat-02/front_tensorrt_fp16_20260904_105151.json', 'results/benchmarks/notebook-controlled/20260904_104755/M02/repeat-03/front_tensorrt_fp16_20260904_105205.json'], 'aggregate': {'benchmark_repetitions': 3, 'measured_runs_per_repetition': 200, 'total_measured_runs': 600, 'replicate_median_ms': [25.14567700200132, 25.21012199940742, 25.422765498660738], 'replicate_mean_ms': [25.743770000008226, 25.47602516027837, 25.662433544785017], 'replicate_median_mean_ms': 25.25952150002316, 'replicate_median_std_ms': 0.14499910944918673, 'replicate_median_cv': 0.005740374355430834, 'replicate_median_ci95_low_ms': 24.89929467224574, 'replicate_median_ci95_high_ms': 25.619748327800576, 'mean_ms': 25.627409568357205, 'median_ms': 25.26247049900121, 'standard_deviation_ms': 1.5887532945822038, 'coefficient_of_variation': 0.061994299125100676, 'min_ms': 23.210936000396032, 'max_ms': 40.46235499845352, 'p05_ms': 23.92078685297747, 'p25_ms': 24.66518025175901, 'p75_ms': 26.367215750724426, 'p95_ms': 28.145969146498825, 'p99_ms': 29.207884659335832, 'iqr_ms': 1.7020354989654152, 'fps': 39.020721049962255, 'gpu_peak_allocated_bytes': 941561856, 'gpu_peak_reserved_bytes': 1000341504}, 'official': True}]",False,0,False,-0.10547856489077045,-0.08779466565160976,-0.036904245785515655,44.86615275728784,1.8137678576968608,51.76056727467964,0.0,True,False,False,30.0,33.333333333333336,True,False,False,False,accuracy retention gate failed,False,False
S01,structured,decoder-layer,fp32,1x3x504x504,0.7389992702819812,0.9339003048650467,0.7907324434051439,0.28278597481571294,0.5624136069334063,0.8448316781821551,0.8736058243951713,0.6022300056180777,0.8437673446660442,0.6591472482934229,0.05560609881632403,0.4551544060176449,0.7108976359206587,0.7313176825802522,0.7338994811052602,3,200,600,"[44.887716496305075, 44.785463502194034, 43.942856496869354]","[44.94487110005139, 44.91223885968793, 44.17432209447725]",44.53867883178949,0.5185239722456698,0.011642104926461654,43.25048991560818,45.8268677479708,44.67714401807219,44.509862000268186,1.299870323100578,0.029094749713069665,42.054261997691356,48.99946499790531,42.835195003135595,43.685598249794566,45.60528374895512,46.95399169904703,47.97766403615241,1.9196854991605505,22.38280942030434,941561856,1000341504,129241676,1657f1292a20ef0ad02f1c733c8e8056038a6d6de5bed2e6d75eb385142cbb90,037949731e462ecb42feb6e61b61fbca555dfe2a3d381464ad36a17b0a7ff9b9,437,87120,artifacts/experiments/S01/front/model.engine,"['results/benchmarks/notebook-controlled/20260904_104755/S01/repeat-01/front_tensorrt_fp32_20260904_105223.json', 'results/benchmarks/notebook-controlled/20260904_104755/S01/repeat-02/front_tensorrt_fp32_20260904_105241.json', 'results/benchmarks/notebook-controlled/20260904_104755/S01/repeat-03/front_tensorrt_fp32_20260904_105259.json']","['results/measurement-environment/20260904_104755/S01/repeat-01-attempt-01.json', 'results/measurement-environment/20260904_104755/S01/repeat-02-attempt-01.json', 'results/measurement-environment/20260904_104755/S01/repeat-03-attempt-01.json']",results/coco-evaluation/S01-front.json,"['results/benchmarks/notebook-controlled/20260904_104755/S01/repeat-01/front_tensorrt_fp32_20260904_105223.json', 'results/benchmarks/notebook-controlled/20260904_104755/S01/repeat-02/front_tensorrt_fp32_20260904_105241.json', 'results/benchmarks/notebook-controlled/20260904_104755/S01/repeat-03/front_tensorrt_fp32_20260904_105259.json']","[{'round': 1, 'benchmarks': ['results/benchmarks/notebook-controlled/20260904_104755/S01/repeat-01/front_tensorrt_fp32_20260904_105223.json', 'results/benchmarks/notebook-controlled/20260904_104755/S01/repeat-02/front_tensorrt_fp32_20260904_105241.json', 'results/benchmarks/notebook-controlled/20260904_104755/S01/repeat-03/front_tensorrt_fp32_20260904_105259.json'], 'aggregate': {'benchmark_repetitions': 3, 'measured_runs_per_repetition': 200, 'total_measured_runs': 600, 'replicate_median_ms': [44.887716496305075, 44.785463502194034, 43.942856496869354], 'replicate_mean_ms': [44.94487110005139, 44.91223885968793, 44.17432209447725], 'replicate_median_mean_ms': 44.53867883178949, 'replicate_median_std_ms': 0.5185239722456698, 'replicate_median_cv': 0.011642104926461654, 'replicate_median_ci95_low_ms': 43.25048991560818, 'replicate_median_ci95_high_ms': 45.8268677479708, 'mean_ms': 44.67714401807219, 'median_ms': 44.509862000268186, 'standard_deviation_ms': 1.299870323100578, 'coefficient_of_variation': 0.029094749713069665, 'min_ms': 42.054261997691356, 'max_ms': 48.99946499790531, 'p05_ms': 42.835195003135595, 'p25_ms': 43.685598249794566, 'p75_ms': 45.60528374895512, 'p95_ms': 46.95399169904703, 'p99_ms': 47.97766403615241, 'iqr_ms': 1.9196854991605505, 'fps': 22.38280942030434, 'gpu_peak_allocated_bytes': 941561856, 'gpu_peak_reserved_bytes': 1000341504}, 'official': True}]",False,0,False,0.0011403431162126942,-0.00041269026707280165,0.02189239940004084,2.859859552769899,1.0294405540243527,4.705027247490694,0.0,True,False,True,30.0,33.333333333333336,False,True,True,True,,False,False
S02,structured,decoder-layer,fp32,1x3x504x504,0.7161213328372058,0.9245232363702137,0.7750870289005215,0.30498341820914937,0.6302001302183599,0.8210755146097616,0.8755654798568346,0.5850419797466627,0.8246511509749055,0.6385949400909041,0.050396644768475336,0.4488039832790011,0.7059797642722884,0.7241024058480653,0.7531286481742853,3,200,600,"[42.77670200099237, 43.21196299861185, 42.82588899877737]","[43.038969919907686, 43.425512820103904, 42.86413266509044]",42.9381846661272,0.23837107981324704,0.005551494122696149,42.345990284787945,43.530379047466454,43.10953846836734,42.95711550003034,0.9840944162029024,0.022827765064685285,40.98106099991128,46.70429600082571,41.72241199739801,42.4860395014548,43.551571248826804,45.106496605149005,45.978701640851796,1.065531747372006,23.196722477875145,941561856,1000341504,122879868,a5a26d9f974c0e14adc550ab7644919652b2b08025f2b335d3af05e7c220902d,037949731e462ecb42feb6e61b61fbca555dfe2a3d381464ad36a17b0a7ff9b9,437,85836,artifacts/experiments/S02/front/model.engine,"['results/benchmarks/notebook-controlled/20260904_104755/S02/repeat-01/front_tensorrt_fp32_20260904_105316.json', 'results/benchmarks/notebook-controlled/20260904_104755/S02/repeat-02/front_tensorrt_fp32_20260904_105334.json', 'results/benchmarks/notebook-controlled/20260904_104755/S02/repeat-03/front_tensorrt_fp32_20260904_105352.json']","['results/measurement-environment/20260904_104755/S02/repeat-01-attempt-01.json', 'results/measurement-environment/20260904_104755/S02/repeat-02-attempt-01.json', 'results/measurement-environment/20260904_104755/S02/repeat-03-attempt-01.json']",results/coco-evaluation/S02-front.json,"['results/benchmarks/notebook-controlled/20260904_104755/S02/repeat-01/front_tensorrt_fp32_20260904_105316.json', 'results/benchmarks/notebook-controlled/20260904_104755/S02/repeat-02/front_tensorrt_fp32_20260904_105334.json', 'results/benchmarks/notebook-controlled/20260904_104755/S02/repeat-03/front_tensorrt_fp32_20260904_105352.json']","[{'round': 1, 'benchmarks': ['results/benchmarks/notebook-controlled/20260904_104755/S02/repeat-01/front_tensorrt_fp32_20260904_105316.json', 'results/benchmarks/notebook-controlled/20260904_104755/S02/repeat-02/front_tensorrt_fp32_20260904_105334.json', 'results/benchmarks/notebook-controlled/20260904_104755/S02/repeat-03/front_tensorrt_fp32_20260904_105352.json'], 'aggregate': {'benchmark_repetitions': 3, 'measured_runs_per_repetition': 200, 'total_measured_runs': 600, 'replicate_median_ms': [42.77670200099237, 43.21196299861185, 42.82588899877737], 'replicate_mean_ms': [43.038969919907686, 43.425512820103904, 42.86413266509044], 'replicate_median_mean_ms': 42.9381846661272, 'replicate_median_std_ms': 0.23837107981324704, 'replicate_median_cv': 0.005551494122696149, 'replicate_median_ci95_low_ms': 42.345990284787945, 'replicate_median_ci95_high_ms': 43.530379047466454, 'mean_ms': 43.10953846836734, 'median_ms': 42.95711550003034, 'standard_deviation_ms': 0.9840944162029024, 'coefficient_of_variation': 0.022827765064685285, 'min_ms': 40.98106099991128, 'max_ms': 46.70429600082571, 'p05_ms': 41.72241199739801, 'p25_ms': 42.4860395014548, 'p75_ms': 43.551571248826804, 'p95_ms': 45.106496605149005, 'p99_ms': 45.978701640851796, 'iqr_ms': 1.065531747372006, 'fps': 23.196722477875145, 'gpu_peak_allocated_bytes': 941561856, 'gpu_peak_reserved_bytes': 1000341504}, 'official': True}]",False,0,False,-0.021737594328562704,-0.017600716138487793,0.04112156646906595,6.248636923302758,1.0666511581083977,9.395838592406212,0.0,True,False,False,30.0,33.333333333333336,False,True,False,False,accuracy retention gate failed,False,False
S04,structured,ffn-dimension,fp32,1x3x504x504,0.5180516359118821,0.8589535704838495,0.5845971368127594,0.16141184154408017,0.3736749652854666,0.5842179739223072,0.7204825107348503,0.5213500016890231,0.7965053880640579,0.5546988822653518,0.04346100210524973,0.3436729152004812,0.6249359387461625,0.7126610884295617,0.6475576194715931,3,200,600,"[46.064877500612056, 45.616389495990006, 45.5948039998475]","[46.13614516980306, 45.72785710995959, 45.8059498050352]",45.758690332149854,0.26538541785317665,0.005799672497766354,45.099383198645455,46.41799746565425,45.88998402826595,45.76865499984706,1.17032895773334,0.025502927981244785,43.30192100314889,49.49725999904331,44.24601095051912,44.998984749327064,46.621299004982575,48.07662969978992,48.893655821011635,1.6223142556555104,21.791247505862056,941561856,1000341504,127079372,0be2db8272e6055f37e30e3b3a809704ffccf615e40e8c5ad0726370bb089c04,037949731e462ecb42feb6e61b61fbca555dfe2a3d381464ad36a17b0a7ff9b9,437,83756,artifacts/experiments/S04/front/model.engine,"['results/benchmarks/notebook-controlled/20260904_104755/S04/repeat-01/front_tensorrt_fp32_20260904_105410.json', 'results/benchmarks/notebook-controlled/20260904_104755/S04/repeat-02/front_tensorrt_fp32_20260904_105428.json', 'results/benchmarks/notebook-controlled/20260904_104755/S04/repeat-03/front_tensorrt_fp32_20260904_105446.json']","['results/measurement-environment/20260904_104755/S04/repeat-01-attempt-01.json', 'results/measurement-environment/20260904_104755/S04/repeat-02-attempt-01.json', 'results/measurement-environment/20260904_104755/S04/repeat-03-attempt-01.json']",results/coco-evaluation/S04-front.json,"['results/benchmarks/notebook-controlled/20260904_104755/S04/repeat-01/front_tensorrt_fp32_20260904_105410.json', 'results/benchmarks/notebook-controlled/20260904_104755/S04/repeat-02/front_tensorrt_fp32_20260904_105428.json', 'results/benchmarks/notebook-controlled/20260904_104755/S04/repeat-03/front_tensorrt_fp32_20260904_105446.json']","[{'round': 1, 'benchmarks': ['results/benchmarks/notebook-controlled/20260904_104755/S04/repeat-01/front_tensorrt_fp32_20260904_105410.json', 'results/benchmarks/notebook-controlled/20260904_104755/S04/repeat-02/front_tensorrt_fp32_20260904_105428.json', 'results/benchmarks/notebook-controlled/20260904_104755/S04/repeat-03/front_tensorrt_fp32_20260904_105446.json'], 'aggregate': {'benchmark_repetitions': 3, 'measured_runs_per_repetition': 200, 'total_measured_runs': 600, 'replicate_median_ms': [46.064877500612056, 45.616389495990006, 45.5948039998475], 'replicate_mean_ms': [46.13614516980306, 45.72785710995959, 45.8059498050352], 'replicate_median_mean_ms': 45.758690332149854, 'replicate_median_std_ms': 0.26538541785317665, 'replicate_median_cv': 0.005799672497766354, 'replicate_median_ci95_low_ms': 45.099383198645455, 'replicate_median_ci95_high_ms': 46.41799746565425, 'mean_ms': 45.88998402826595, 'median_ms': 45.76865499984706, 'standard_deviation_ms': 1.17032895773334, 'coefficient_of_variation': 0.025502927981244785, 'min_ms': 43.30192100314889, 'max_ms': 49.49725999904331, 'p05_ms': 44.24601095051912, 'p25_ms': 44.998984749327064, 'p75_ms': 46.621299004982575, 'p95_ms': 48.07662969978992, 'p99_ms': 48.893655821011635, 'iqr_ms': 1.6223142556555104, 'fps': 21.791247505862056, 'gpu_peak_allocated_bytes': 941561856, 'gpu_peak_reserved_bytes': 1000341504}, 'official': True}]",False,0,False,-0.21980729125388643,-0.08129269419612739,-0.06444946223362624,0.11261830604698209,1.0011274527786906,6.299379062942561,0.0,True,False,False,30.0,33.333333333333336,False,True,False,False,accuracy retention gate failed,False,False
C01,combined,structured-selected,fp16,1x3x504x504,0.738597901902575,0.9359410615277045,0.7924916805209145,0.2779313552831788,0.5567115122369054,0.8417660311406839,0.8752296601943022,0.6029119261351803,0.8414925820154284,0.6562434314308484,0.055714564259962435,0.4483125129222714,0.7132881723417649,0.7335722604027154,0.7366895364204816,3,200,600,"[25.126939501205925, 24.903826997615397, 26.283368501026416]","[25.403895925119286, 25.07744679973257, 26.183420429952093]",25.438044999949245,0.7405225610470161,0.029110828330105306,23.59833650741497,27.27775349248352,25.554921051601315,25.29960950050736,1.1181412929326209,0.04375444129429452,23.53737199882744,30.649074004031718,24.09362330181466,24.682271001438494,26.424874498843565,27.511681694886644,28.20130314830749,1.7426034974050708,39.13140635342868,941561856,1000341504,67873396,bfbcd85bff8b8eb57c2be2368c5cba41aebe25c9892603894a59fc184ff035f6,037949731e462ecb42feb6e61b61fbca555dfe2a3d381464ad36a17b0a7ff9b9,437,87115,artifacts/experiments/C01/front/model.engine,"['results/benchmarks/notebook-controlled/20260904_104755/C01/repeat-01/front_tensorrt_fp16_20260904_105500.json', 'results/benchmarks/notebook-controlled/20260904_104755/C01/repeat-02/front_tensorrt_fp16_20260904_105514.json', 'results/benchmarks/notebook-controlled/20260904_104755/C01/repeat-03/front_tensorrt_fp16_20260904_105528.json']","['results/measurement-environment/20260904_104755/C01/repeat-01-attempt-01.json', 'results/measurement-environment/20260904_104755/C01/repeat-02-attempt-01.json', 'results/measurement-environment/20260904_104755/C01/repeat-03-attempt-01.json']",results/coco-evaluation/C01-front.json,"['results/benchmarks/notebook-controlled/20260904_104755/C01/repeat-01/front_tensorrt_fp16_20260904_105500.json', 'results/benchmarks/notebook-controlled/20260904_104755/C01/repeat-02/front_tensorrt_fp16_20260904_105514.json', 'results/benchmarks/notebook-controlled/20260904_104755/C01/repeat-03/front_tensorrt_fp16_20260904_105528.json']","[{'round': 1, 'benchmarks': ['results/benchmarks/notebook-controlled/20260904_104755/C01/repeat-01/front_tensorrt_fp16_20260904_105500.json', 'results/benchmarks/notebook-controlled/20260904_104755/C01/repeat-02/front_tensorrt_fp16_20260904_105514.json', 'results/benchmarks/notebook-controlled/20260904_104755/C01/repeat-03/front_tensorrt_fp16_20260904_105528.json'], 'aggregate': {'benchmark_repetitions': 3, 'measured_runs_per_repetition': 200, 'total_measured_runs': 600, 'replicate_median_ms': [25.126939501205925, 24.903826997615397, 26.283368501026416], 'replicate_mean_ms': [25.403895925119286, 25.07744679973257, 26.183420429952093], 'replicate_median_mean_ms': 25.438044999949245, 'replicate_median_std_ms': 0.7405225610470161, 'replicate_median_cv': 0.029110828330105306, 'replicate_median_ci95_low_ms': 23.59833650741497, 'replicate_median_ci95_high_ms': 27.27775349248352, 'mean_ms': 25.554921051601315, 'median_ms': 25.29960950050736, 'standard_deviation_ms': 1.1181412929326209, 'coefficient_of_variation': 0.04375444129429452, 'min_ms': 23.53737199882744, 'max_ms': 30.649074004031718, 'p05_ms': 24.09362330181466, 'p25_ms': 24.682271001438494, 'p75_ms': 26.424874498843565, 'p95_ms': 27.511681694886644, 'p99_ms': 28.20130314830749, 'iqr_ms': 1.7426034974050708, 'fps': 39.13140635342868, 'gpu_peak_allocated_bytes': 941561856, 'gpu_peak_reserved_bytes': 1000341504}, 'official': True}]",False,0,False,0.000738974736806508,0.00026923025002978385,0.024682454715262314,44.78509908378162,1.8111053056445274,49.95427463784767,0.0,True,False,True,30.0,33.333333333333336,True,False,True,True,,True,True
C02,combined,structured-selected,int8,1x3x504x504,0.7400863602009445,0.935629372031065,0.7946246808446918,0.2807025861333039,0.5667246210482796,0.8420302932483863,0.8750164909589727,0.6023425986945383,0.8436519912250661,0.6540234660019252,0.05474042594410672,0.45577144316775253,0.7087602648651024,0.7341994491445925,0.741211228206296,3,200,600,"[26.37079200212611, 26.096891997440252, 25.931219999620225]","[26.136388615232136, 25.966977779717126, 25.89996900955157]",26.132967999728862,0.22199548374371034,0.008494843897792766,25.581456137389225,26.6844798620685,26.001111801500276,26.182795998465735,0.9883946343311655,0.03801355272331603,23.30352699937066,28.45742699719267,24.24414754859754,25.30518849926011,26.70435699656082,27.425261502867215,27.946537816678756,1.3991684973007068,38.4598938550889,941561856,1000341504,67959596,828a0f74ef4b9629f999a99c3c955e97d69cc52306bf44aeea69f7f8d128c6e3,037949731e462ecb42feb6e61b61fbca555dfe2a3d381464ad36a17b0a7ff9b9,437,87107,artifacts/experiments/C02/front/model.engine,"['results/benchmarks/notebook-controlled/20260904_104755/C02/repeat-01/front_tensorrt_int8_20260904_105542.json', 'results/benchmarks/notebook-controlled/20260904_104755/C02/repeat-02/front_tensorrt_int8_20260904_105556.json', 'results/benchmarks/notebook-controlled/20260904_104755/C02/repeat-03/front_tensorrt_int8_20260904_105610.json']","['results/measurement-environment/20260904_104755/C02/repeat-01-attempt-01.json', 'results/measurement-environment/20260904_104755/C02/repeat-02-attempt-01.json', 'results/measurement-environment/20260904_104755/C02/repeat-03-attempt-01.json']",results/coco-evaluation/C02-front.json,"['results/benchmarks/notebook-controlled/20260904_104755/C02/repeat-01/front_tensorrt_int8_20260904_105542.json', 'results/benchmarks/notebook-controlled/20260904_104755/C02/repeat-02/front_tensorrt_int8_20260904_105556.json', 'results/benchmarks/notebook-controlled/20260904_104755/C02/repeat-03/front_tensorrt_int8_20260904_105610.json']","[{'round': 1, 'benchmarks': ['results/benchmarks/notebook-controlled/20260904_104755/C02/repeat-01/front_tensorrt_int8_20260904_105542.json', 'results/benchmarks/notebook-controlled/20260904_104755/C02/repeat-02/front_tensorrt_int8_20260904_105556.json', 'results/benchmarks/notebook-controlled/20260904_104755/C02/repeat-03/front_tensorrt_int8_20260904_105610.json'], 'aggregate': {'benchmark_repetitions': 3, 'measured_runs_per_repetition': 200, 'total_measured_runs': 600, 'replicate_median_ms': [26.37079200212611, 26.096891997440252, 25.931219999620225], 'replicate_mean_ms': [26.136388615232136, 25.966977779717126, 25.89996900955157], 'replicate_median_mean_ms': 26.132967999728862, 'replicate_median_std_ms': 0.22199548374371034, 'replicate_median_cv': 0.008494843897792766, 'replicate_median_ci95_low_ms': 25.581456137389225, 'replicate_median_ci95_high_ms': 26.6844798620685, 'mean_ms': 26.001111801500276, 'median_ms': 26.182795998465735, 'standard_deviation_ms': 0.9883946343311655, 'coefficient_of_variation': 0.03801355272331603, 'min_ms': 23.30352699937066, 'max_ms': 28.45742699719267, 'p05_ms': 24.24414754859754, 'p25_ms': 25.30518849926011, 'p75_ms': 26.70435699656082, 'p95_ms': 27.425261502867215, 'p99_ms': 27.946537816678756, 'iqr_ms': 1.3991684973007068, 'fps': 38.4598938550889, 'gpu_peak_allocated_bytes': 941561856, 'gpu_peak_reserved_bytes': 1000341504}, 'official': True}]",False,0,False,0.0022274330351760296,-0.00030009719061219187,0.029204146501076722,42.857596804573085,1.7500139022504912,49.89071598629268,0.0,True,False,True,30.0,33.333333333333336,True,False,True,True,,False,False
C03,combined,structured-resolution,fp32,1x3x432x432,0.7318819382580608,0.9322202331545338,0.7920879512190363,0.2643611430997656,0.5930876711377386,0.8433496460214314,0.8670514027097019,0.5939927335145,0.8389463587441868,0.6519845513450481,0.04484513473963772,0.4637476642744076,0.701879801515664,0.7177416449149157,0.7353064144990077,3,200,600,"[36.10285100148758, 36.376029001985444, 36.43458350052242]","[36.078320195192646, 36.23329845006083, 36.31526332505018]",36.304487834665146,0.17705992402330442,0.00487708089505782,35.86461110025129,36.744364569079,36.208960656767886,36.29605549576809,1.1112755853658471,0.030690623680139698,33.22450899577234,39.55846199824009,34.21704210122698,35.46080725027423,36.99683899867523,37.83398185187252,38.435297518444706,1.536031748401001,27.617473185137893,936573952,977272832,128549228,633b6f87ea21ef96eace52901791958a66b13f87022fc86b1e4d4873afdb3ecf,037949731e462ecb42feb6e61b61fbca555dfe2a3d381464ad36a17b0a7ff9b9,437,87063,artifacts/experiments/C03/front/model.engine,"['results/benchmarks/notebook-controlled/20260904_104755/C03/repeat-01/front_tensorrt_fp32_20260904_105626.json', 'results/benchmarks/notebook-controlled/20260904_104755/C03/repeat-02/front_tensorrt_fp32_20260904_105642.json', 'results/benchmarks/notebook-controlled/20260904_104755/C03/repeat-03/front_tensorrt_fp32_20260904_105658.json']","['results/measurement-environment/20260904_104755/C03/repeat-01-attempt-01.json', 'results/measurement-environment/20260904_104755/C03/repeat-02-attempt-01.json', 'results/measurement-environment/20260904_104755/C03/repeat-03-attempt-01.json']",results/coco-evaluation/C03-front.json,"['results/benchmarks/notebook-controlled/20260904_104755/C03/repeat-01/front_tensorrt_fp32_20260904_105626.json', 'results/benchmarks/notebook-controlled/20260904_104755/C03/repeat-02/front_tensorrt_fp32_20260904_105642.json', 'results/benchmarks/notebook-controlled/20260904_104755/C03/repeat-03/front_tensorrt_fp32_20260904_105658.json']","[{'round': 1, 'benchmarks': ['results/benchmarks/notebook-controlled/20260904_104755/C03/repeat-01/front_tensorrt_fp32_20260904_105626.json', 'results/benchmarks/notebook-controlled/20260904_104755/C03/repeat-02/front_tensorrt_fp32_20260904_105642.json', 'results/benchmarks/notebook-controlled/20260904_104755/C03/repeat-03/front_tensorrt_fp32_20260904_105658.json'], 'aggregate': {'benchmark_repetitions': 3, 'measured_runs_per_repetition': 200, 'total_measured_runs': 600, 'replicate_median_ms': [36.10285100148758, 36.376029001985444, 36.43458350052242], 'replicate_mean_ms': [36.078320195192646, 36.23329845006083, 36.31526332505018], 'replicate_median_mean_ms': 36.304487834665146, 'replicate_median_std_ms': 0.17705992402330442, 'replicate_median_cv': 0.00487708089505782, 'replicate_median_ci95_low_ms': 35.86461110025129, 'replicate_median_ci95_high_ms': 36.744364569079, 'mean_ms': 36.208960656767886, 'median_ms': 36.29605549576809, 'standard_deviation_ms': 1.1112755853658471, 'coefficient_of_variation': 0.030690623680139698, 'min_ms': 33.22450899577234, 'max_ms': 39.55846199824009, 'p05_ms': 34.21704210122698, 'p25_ms': 35.46080725027423, 'p75_ms': 36.99683899867523, 'p95_ms': 37.83398185187252, 'p99_ms': 38.435297518444706, 'iqr_ms': 1.536031748401001, 'fps': 27.617473185137893, 'gpu_peak_allocated_bytes': 936573952, 'gpu_peak_reserved_bytes': 977272832}, 'official': True}]",False,0,False,-0.005976988907707703,-0.008649962370650521,0.023299332793788374,20.786006289614516,1.2624032107964445,5.215596402385664,0.5297478830748216,True,False,True,30.0,33.333333333333336,False,True,True,True,,False,False
C04,combined,structured-resolution,fp32,1x3x480x480,0.7310415390195883,0.9364720875459759,0.7831944601512114,0.2701885896624858,0.4792788136209696,0.8440515383416898,0.8716904812567168,0.599605674186933,0.8442760136040285,0.6457183546606786,0.043581685069528794,0.3721858106570243,0.7064103481892694,0.7276417921756191,0.7281783411589681,3,200,600,"[42.05381450083223, 41.9712895018165, 41.8413654952019]","[41.932456035101495, 41.67228156456986, 41.67631771986635]",41.95548983261688,0.10710213423850365,0.0025527561390843475,41.68941190833523,42.22156775689852,41.76035177317923,41.97326050052652,0.9923271832611434,0.023762423953010616,38.95193499920424,44.69248000532389,39.830163451551925,41.14152350302902,42.457026000192855,43.17550875166489,43.628503036961774,1.315502497163834,23.94615843830737,939813376,981467136,128969140,14de81813ff71cac78d0d349431099c5119905068ce3f85da70404280a86a551,037949731e462ecb42feb6e61b61fbca555dfe2a3d381464ad36a17b0a7ff9b9,437,87129,artifacts/experiments/C04/front/model.engine,"['results/benchmarks/notebook-controlled/20260904_104755/C04/repeat-01/front_tensorrt_fp32_20260904_105715.json', 'results/benchmarks/notebook-controlled/20260904_104755/C04/repeat-02/front_tensorrt_fp32_20260904_105733.json', 'results/benchmarks/notebook-controlled/20260904_104755/C04/repeat-03/front_tensorrt_fp32_20260904_105750.json']","['results/measurement-environment/20260904_104755/C04/repeat-01-attempt-01.json', 'results/measurement-environment/20260904_104755/C04/repeat-02-attempt-01.json', 'results/measurement-environment/20260904_104755/C04/repeat-03-attempt-01.json']",results/coco-evaluation/C04-front.json,"['results/benchmarks/notebook-controlled/20260904_104755/C04/repeat-01/front_tensorrt_fp32_20260904_105715.json', 'results/benchmarks/notebook-controlled/20260904_104755/C04/repeat-02/front_tensorrt_fp32_20260904_105733.json', 'results/benchmarks/notebook-controlled/20260904_104755/C04/repeat-03/front_tensorrt_fp32_20260904_105750.json']","[{'round': 1, 'benchmarks': ['results/benchmarks/notebook-controlled/20260904_104755/C04/repeat-01/front_tensorrt_fp32_20260904_105715.json', 'results/benchmarks/notebook-controlled/20260904_104755/C04/repeat-02/front_tensorrt_fp32_20260904_105733.json', 'results/benchmarks/notebook-controlled/20260904_104755/C04/repeat-03/front_tensorrt_fp32_20260904_105750.json'], 'aggregate': {'benchmark_repetitions': 3, 'measured_runs_per_repetition': 200, 'total_measured_runs': 600, 'replicate_median_ms': [42.05381450083223, 41.9712895018165, 41.8413654952019], 'replicate_mean_ms': [41.932456035101495, 41.67228156456986, 41.67631771986635], 'replicate_median_mean_ms': 41.95548983261688, 'replicate_median_std_ms': 0.10710213423850365, 'replicate_median_cv': 0.0025527561390843475, 'replicate_median_ci95_low_ms': 41.68941190833523, 'replicate_median_ci95_high_ms': 42.22156775689852, 'mean_ms': 41.76035177317923, 'median_ms': 41.97326050052652, 'standard_deviation_ms': 0.9923271832611434, 'coefficient_of_variation': 0.023762423953010616, 'min_ms': 38.95193499920424, 'max_ms': 44.69248000532389, 'p05_ms': 39.830163451551925, 'p25_ms': 41.14152350302902, 'p75_ms': 42.457026000192855, 'p95_ms': 43.17550875166489, 'p99_ms': 43.628503036961774, 'iqr_ms': 1.315502497163834, 'fps': 23.94615843830737, 'gpu_peak_allocated_bytes': 939813376, 'gpu_peak_reserved_bytes': 981467136}, 'official': True}]",False,0,False,-0.006817388146180159,-0.0030370216982175124,0.016171259453748754,8.395842251212665,1.091653506320501,4.905978763270154,0.18569996106554257,True,False,True,30.0,33.333333333333336,False,True,True,True,,False,False
R01,input,input-resolution,fp16,1x3x432x432,0.7287984799915459,0.9246300291965575,0.7803742773978024,0.2749672636981775,0.5342058803864995,0.8430068647604106,0.8679237263940097,0.5941087991992697,0.8326864464469744,0.6361196031266156,0.046705593359936924,0.5256950287925706,0.7109112992546921,0.7142220850683234,0.7034388832290747,3,200,600,"[23.208815502584912, 25.012070997036062, 23.808357000234537]","[23.409623375155206, 24.883610060423962, 24.0221716951055]",24.00974783328517,0.9183416005467065,0.03824869827552258,21.728276706754528,26.291218959815815,24.105135043561557,24.010295503103407,1.1279035651392872,0.046791007936732076,21.792273000755813,26.894788999925368,22.4953793505847,23.13907899770129,25.098758251260733,25.820945401574136,26.436979941063328,1.9596792535594432,41.484936640796725,936573952,977272832,71359388,9c4cef49331dc94581f92ff10a141a5619caaf3c71aa708c24bfc0a39311efda,037949731e462ecb42feb6e61b61fbca555dfe2a3d381464ad36a17b0a7ff9b9,437,86457,artifacts/experiments/R01/front/model.engine,"['results/benchmarks/notebook-controlled/20260904_104755/R01/repeat-01/front_tensorrt_fp16_20260904_105803.json', 'results/benchmarks/notebook-controlled/20260904_104755/R01/repeat-02/front_tensorrt_fp16_20260904_105817.json', 'results/benchmarks/notebook-controlled/20260904_104755/R01/repeat-03/front_tensorrt_fp16_20260904_105830.json']","['results/measurement-environment/20260904_104755/R01/repeat-01-attempt-01.json', 'results/measurement-environment/20260904_104755/R01/repeat-02-attempt-01.json', 'results/measurement-environment/20260904_104755/R01/repeat-03-attempt-01.json']",results/coco-evaluation/R01-front.json,"['results/benchmarks/notebook-controlled/20260904_104755/R01/repeat-01/front_tensorrt_fp16_20260904_105803.json', 'results/benchmarks/notebook-controlled/20260904_104755/R01/repeat-02/front_tensorrt_fp16_20260904_105817.json', 'results/benchmarks/notebook-controlled/20260904_104755/R01/repeat-03/front_tensorrt_fp16_20260904_105830.json']","[{'round': 1, 'benchmarks': ['results/benchmarks/notebook-controlled/20260904_104755/R01/repeat-01/front_tensorrt_fp16_20260904_105803.json', 'results/benchmarks/notebook-controlled/20260904_104755/R01/repeat-02/front_tensorrt_fp16_20260904_105817.json', 'results/benchmarks/notebook-controlled/20260904_104755/R01/repeat-03/front_tensorrt_fp16_20260904_105830.json'], 'aggregate': {'benchmark_repetitions': 3, 'measured_runs_per_repetition': 200, 'total_measured_runs': 600, 'replicate_median_ms': [23.208815502584912, 25.012070997036062, 23.808357000234537], 'replicate_mean_ms': [23.409623375155206, 24.883610060423962, 24.0221716951055], 'replicate_median_mean_ms': 24.00974783328517, 'replicate_median_std_ms': 0.9183416005467065, 'replicate_median_cv': 0.03824869827552258, 'replicate_median_ci95_low_ms': 21.728276706754528, 'replicate_median_ci95_high_ms': 26.291218959815815, 'mean_ms': 24.105135043561557, 'median_ms': 24.010295503103407, 'standard_deviation_ms': 1.1279035651392872, 'coefficient_of_variation': 0.046791007936732076, 'min_ms': 21.792273000755813, 'max_ms': 26.894788999925368, 'p05_ms': 22.4953793505847, 'p25_ms': 23.13907899770129, 'p75_ms': 25.098758251260733, 'p95_ms': 25.820945401574136, 'p99_ms': 26.436979941063328, 'iqr_ms': 1.9596792535594432, 'fps': 41.484936640796725, 'gpu_peak_allocated_bytes': 936573952, 'gpu_peak_reserved_bytes': 977272832}, 'official': True}]",False,0,False,-0.009060447174222608,-0.008533896685880782,-0.00856819847614465,47.59895060252244,1.908358728495497,47.38391557924597,0.5297478830748216,True,False,True,30.0,33.333333333333336,True,False,True,True,,True,True
R02,input,input-resolution,fp32,1x3x480x480,0.7329731311010346,0.9252375929791357,0.7789656919797115,0.2754308333438719,0.5163820240099521,0.8447947057057178,0.8781966363835834,0.5997268915175692,0.8412961717754037,0.6382843982603958,0.050045713857184905,0.38986450222589647,0.7085936147015047,0.7271833912158736,0.7107549105524779,3,200,600,"[43.12465450129821, 42.1917415005737, 43.12659249626449]","[43.07042928507144, 42.383735650073504, 43.066560674888024]",42.8143294993788,0.539177893786669,0.01259339805367014,41.47482925676148,44.15382974199612,42.84024187001099,42.96294300002046,1.2861382243507,0.030021731162330853,39.765353001712356,47.83193000184838,40.673409801820526,41.94262375312974,43.79266624709999,44.72060505286208,45.70533483325562,1.8500424939702498,23.342538612043167,939813376,981467136,135359412,ff5c45209c42a5a49a130e6694eed0af947c9d7c2a667ebf5d4b0a2b56cd2a31,037949731e462ecb42feb6e61b61fbca555dfe2a3d381464ad36a17b0a7ff9b9,437,86477,artifacts/experiments/R02/front/model.engine,"['results/benchmarks/notebook-controlled/20260904_104755/R02/repeat-01/front_tensorrt_fp32_20260904_105848.json', 'results/benchmarks/notebook-controlled/20260904_104755/R02/repeat-02/front_tensorrt_fp32_20260904_105905.json', 'results/benchmarks/notebook-controlled/20260904_104755/R02/repeat-03/front_tensorrt_fp32_20260904_105924.json']","['results/measurement-environment/20260904_104755/R02/repeat-01-attempt-01.json', 'results/measurement-environment/20260904_104755/R02/repeat-02-attempt-01.json', 'results/measurement-environment/20260904_104755/R02/repeat-03-attempt-01.json']",results/coco-evaluation/R02-front.json,"['results/benchmarks/notebook-controlled/20260904_104755/R02/repeat-01/front_tensorrt_fp32_20260904_105848.json', 'results/benchmarks/notebook-controlled/20260904_104755/R02/repeat-02/front_tensorrt_fp32_20260904_105905.json', 'results/benchmarks/notebook-controlled/20260904_104755/R02/repeat-03/front_tensorrt_fp32_20260904_105924.json']","[{'round': 1, 'benchmarks': ['results/benchmarks/notebook-controlled/20260904_104755/R02/repeat-01/front_tensorrt_fp32_20260904_105848.json', 'results/benchmarks/notebook-controlled/20260904_104755/R02/repeat-02/front_tensorrt_fp32_20260904_105905.json', 'results/benchmarks/notebook-controlled/20260904_104755/R02/repeat-03/front_tensorrt_fp32_20260904_105924.json'], 'aggregate': {'benchmark_repetitions': 3, 'measured_runs_per_repetition': 200, 'total_measured_runs': 600, 'replicate_median_ms': [43.12465450129821, 42.1917415005737, 43.12659249626449], 'replicate_mean_ms': [43.07042928507144, 42.383735650073504, 43.066560674888024], 'replicate_median_mean_ms': 42.8143294993788, 'replicate_median_std_ms': 0.539177893786669, 'replicate_median_cv': 0.01259339805367014, 'replicate_median_ci95_low_ms': 41.47482925676148, 'replicate_median_ci95_high_ms': 44.15382974199612, 'mean_ms': 42.84024187001099, 'median_ms': 42.96294300002046, 'standard_deviation_ms': 1.2861382243507, 'coefficient_of_variation': 0.030021731162330853, 'min_ms': 39.765353001712356, 'max_ms': 47.83193000184838, 'p05_ms': 40.673409801820526, 'p25_ms': 41.94262375312974, 'p75_ms': 43.79266624709999, 'p95_ms': 44.72060505286208, 'p99_ms': 45.70533483325562, 'iqr_ms': 1.8500424939702498, 'fps': 23.342538612043167, 'gpu_peak_allocated_bytes': 939813376, 'gpu_peak_reserved_bytes': 981467136}, 'official': True}]",False,0,False,-0.004885796064733938,-0.0029158043675813206,-0.0012521711527414547,6.235918749350816,1.0665064773863782,0.19417979123327703,0.18569996106554257,True,False,True,30.0,33.333333333333336,False,True,True,True,,False,False
R03,input,input-resolution,fp32,1x3x384x384,0.7264564082481132,0.9329505158409681,0.7667819624989041,0.237834555764621,0.5444707631991951,0.8460256294060681,0.8680585160473518,0.5865409277639649,0.8156595151329519,0.6388196719300908,0.031683889469134446,0.34485718798532944,0.702572323987006,0.7018951571815482,0.7281027967504808,3,200,600,"[32.54655850105337, 32.933414997387445, 31.758172997797374]","[32.432675844938785, 33.18148440986988, 32.026792349533935]",32.41271549874606,0.5989439884914884,0.018478673547566837,30.92473606349131,33.90069493400081,32.546984201447536,32.38640950439731,1.4199168838885137,0.04362668058889962,29.98398400086444,41.25526300049387,30.67092479650455,31.504781503826962,33.33487075360608,34.875148851642734,36.249679074171574,1.830089249779121,30.724812898502734,933675520,966787072,134476020,b3ee83810ee62c55ccc670247a85fa94eef62ebd249388dd51736a6f84407199,037949731e462ecb42feb6e61b61fbca555dfe2a3d381464ad36a17b0a7ff9b9,437,86546,artifacts/experiments/R03/front/model.engine,"['results/benchmarks/notebook-controlled/20260904_104755/R03/repeat-01/front_tensorrt_fp32_20260904_105940.json', 'results/benchmarks/notebook-controlled/20260904_104755/R03/repeat-02/front_tensorrt_fp32_20260904_105955.json', 'results/benchmarks/notebook-controlled/20260904_104755/R03/repeat-03/front_tensorrt_fp32_20260904_110010.json']","['results/measurement-environment/20260904_104755/R03/repeat-01-attempt-01.json', 'results/measurement-environment/20260904_104755/R03/repeat-02-attempt-01.json', 'results/measurement-environment/20260904_104755/R03/repeat-03-attempt-01.json']",results/coco-evaluation/R03-front.json,"['results/benchmarks/notebook-controlled/20260904_104755/R03/repeat-01/front_tensorrt_fp32_20260904_105940.json', 'results/benchmarks/notebook-controlled/20260904_104755/R03/repeat-02/front_tensorrt_fp32_20260904_105955.json', 'results/benchmarks/notebook-controlled/20260904_104755/R03/repeat-03/front_tensorrt_fp32_20260904_110010.json']","[{'round': 1, 'benchmarks': ['results/benchmarks/notebook-controlled/20260904_104755/R03/repeat-01/front_tensorrt_fp32_20260904_105940.json', 'results/benchmarks/notebook-controlled/20260904_104755/R03/repeat-02/front_tensorrt_fp32_20260904_105955.json', 'results/benchmarks/notebook-controlled/20260904_104755/R03/repeat-03/front_tensorrt_fp32_20260904_110010.json'], 'aggregate': {'benchmark_repetitions': 3, 'measured_runs_per_repetition': 200, 'total_measured_runs': 600, 'replicate_median_ms': [32.54655850105337, 32.933414997387445, 31.758172997797374], 'replicate_mean_ms': [32.432675844938785, 33.18148440986988, 32.026792349533935], 'replicate_median_mean_ms': 32.41271549874606, 'replicate_median_std_ms': 0.5989439884914884, 'replicate_median_cv': 0.018478673547566837, 'replicate_median_ci95_low_ms': 30.92473606349131, 'replicate_median_ci95_high_ms': 33.90069493400081, 'mean_ms': 32.546984201447536, 'median_ms': 32.38640950439731, 'standard_deviation_ms': 1.4199168838885137, 'coefficient_of_variation': 0.04362668058889962, 'min_ms': 29.98398400086444, 'max_ms': 41.25526300049387, 'p05_ms': 30.67092479650455, 'p25_ms': 31.504781503826962, 'p75_ms': 33.33487075360608, 'p95_ms': 34.875148851642734, 'p99_ms': 36.249679074171574, 'iqr_ms': 1.830089249779121, 'fps': 30.724812898502734, 'gpu_peak_allocated_bytes': 933675520, 'gpu_peak_reserved_bytes': 966787072}, 'official': True}]",False,0,False,-0.011402518917655313,-0.016101768121185578,0.016095715045261527,29.318577356638254,1.4147989140593762,0.8455394700553367,0.8375802343462817,True,False,False,30.0,33.333333333333336,True,True,False,False,accuracy retention gate failed,False,False
Q01,precision,modelopt-int8-smoothquant,int8,1x3x504x504,0.593151862332506,0.8192457909077178,0.6744182991633434,0.043911346310117595,0.4679029672815765,0.758448333104057,0.7708824484625559,0.47432176245291,0.6855633513219301,0.5452047737710902,0.002619723978981869,0.3973912234791928,0.5383624219447309,0.5772562473117075,0.6590965538365575,3,200,600,"[24.830207501508994, 25.11263899941696, 25.379980495927157]","[25.099404970314936, 25.526012699883722, 25.625345494736393]",25.107608998951036,0.27492101052192014,0.010949708932196848,24.424612228240672,25.7906057696614,25.41692105497835,25.113971998507623,1.187919829619974,0.046737361580910255,23.49220400355989,30.38223899784498,24.0032038440404,24.593713496869896,25.910429996656603,27.84945969469845,28.663697791853334,1.3167164997867076,39.343868513300215,941561856,1000341504,50137380,482305be94d757175ea25f97c6f9c6823e4f524165d774c9e4fba8ca0a1157c2,037949731e462ecb42feb6e61b61fbca555dfe2a3d381464ad36a17b0a7ff9b9,437,85921,artifacts/experiments/Q01/front/model.engine,"['results/benchmarks/notebook-controlled/20260904_104755/Q01/repeat-01/front_tensorrt_int8_20260904_110024.json', 'results/benchmarks/notebook-controlled/20260904_104755/Q01/repeat-02/front_tensorrt_int8_20260904_110038.json', 'results/benchmarks/notebook-controlled/20260904_104755/Q01/repeat-03/front_tensorrt_int8_20260904_110052.json']","['results/measurement-environment/20260904_104755/Q01/repeat-01-attempt-01.json', 'results/measurement-environment/20260904_104755/Q01/repeat-02-attempt-01.json', 'results/measurement-environment/20260904_104755/Q01/repeat-03-attempt-01.json']",results/coco-evaluation/Q01-front.json,"['results/benchmarks/notebook-controlled/20260904_104755/Q01/repeat-01/front_tensorrt_int8_20260904_110024.json', 'results/benchmarks/notebook-controlled/20260904_104755/Q01/repeat-02/front_tensorrt_int8_20260904_110038.json', 'results/benchmarks/notebook-controlled/20260904_104755/Q01/repeat-03/front_tensorrt_int8_20260904_110052.json']","[{'round': 1, 'benchmarks': ['results/benchmarks/notebook-controlled/20260904_104755/Q01/repeat-01/front_tensorrt_int8_20260904_110024.json', 'results/benchmarks/notebook-controlled/20260904_104755/Q01/repeat-02/front_tensorrt_int8_20260904_110038.json', 'results/benchmarks/notebook-controlled/20260904_104755/Q01/repeat-03/front_tensorrt_int8_20260904_110052.json'], 'aggregate': {'benchmark_repetitions': 3, 'measured_runs_per_repetition': 200, 'total_measured_runs': 600, 'replicate_median_ms': [24.830207501508994, 25.11263899941696, 25.379980495927157], 'replicate_mean_ms': [25.099404970314936, 25.526012699883722, 25.625345494736393], 'replicate_median_mean_ms': 25.107608998951036, 'replicate_median_std_ms': 0.27492101052192014, 'replicate_median_cv': 0.010949708932196848, 'replicate_median_ci95_low_ms': 24.424612228240672, 'replicate_median_ci95_high_ms': 25.7906057696614, 'mean_ms': 25.41692105497835, 'median_ms': 25.113971998507623, 'standard_deviation_ms': 1.187919829619974, 'coefficient_of_variation': 0.046737361580910255, 'min_ms': 23.49220400355989, 'max_ms': 30.38223899784498, 'p05_ms': 24.0032038440404, 'p25_ms': 24.593713496869896, 'p75_ms': 25.910429996656603, 'p95_ms': 27.84945969469845, 'p99_ms': 28.663697791853334, 'iqr_ms': 1.3167164997867076, 'fps': 39.343868513300215, 'gpu_peak_allocated_bytes': 941561856, 'gpu_peak_reserved_bytes': 1000341504}, 'official': True}]",False,0,False,-0.14470706483326246,-0.1283209334322405,-0.052910527868661794,45.190241948893586,1.8244926370000891,63.031737061486226,0.0,True,False,False,30.0,33.333333333333336,True,False,False,False,accuracy retention gate failed,False,False
Q02,precision,modelopt-mixed-precision,mixed,1x3x504x504,0.5964751478628372,0.825783559075982,0.6692936134097379,0.0609981789920745,0.4366875412223145,0.753661726839238,0.7701149534941822,0.48322281358260494,0.6897675733778152,0.5744500077108872,0.002137048094288038,0.2943414713214972,0.5470180329562678,0.5814190064057232,0.650427116319593,3,200,600,"[25.52665500479634, 25.474412501353072, 24.924360997829353]","[25.602628129781806, 25.639870654631522, 25.073510589791113]",25.30847616799292,0.33367749063106594,0.013184416494149125,24.479508428760838,26.137443907225006,25.43866979140148,25.183493500662735,1.172215567058986,0.04608006537571419,23.036795006191824,28.759205000824295,23.833819650826626,24.58325874977163,26.144250747165643,27.59679680384579,28.432948164772824,1.5609919973940123,39.31023155691929,941561856,1000341504,45497556,3472001a47de73e1c88df401315f290d33010c10f0c218d10d96b0a29be8cf36,037949731e462ecb42feb6e61b61fbca555dfe2a3d381464ad36a17b0a7ff9b9,437,85786,artifacts/experiments/Q02/front/model.engine,"['results/benchmarks/notebook-controlled/20260904_104755/Q02/repeat-01/front_tensorrt_mixed_20260904_110106.json', 'results/benchmarks/notebook-controlled/20260904_104755/Q02/repeat-02/front_tensorrt_mixed_20260904_110119.json', 'results/benchmarks/notebook-controlled/20260904_104755/Q02/repeat-03/front_tensorrt_mixed_20260904_110133.json']","['results/measurement-environment/20260904_104755/Q02/repeat-01-attempt-01.json', 'results/measurement-environment/20260904_104755/Q02/repeat-02-attempt-01.json', 'results/measurement-environment/20260904_104755/Q02/repeat-03-attempt-01.json']",results/coco-evaluation/Q02-front.json,"['results/benchmarks/notebook-controlled/20260904_104755/Q02/repeat-01/front_tensorrt_mixed_20260904_110106.json', 'results/benchmarks/notebook-controlled/20260904_104755/Q02/repeat-02/front_tensorrt_mixed_20260904_110119.json', 'results/benchmarks/notebook-controlled/20260904_104755/Q02/repeat-03/front_tensorrt_mixed_20260904_110133.json']","[{'round': 1, 'benchmarks': ['results/benchmarks/notebook-controlled/20260904_104755/Q02/repeat-01/front_tensorrt_mixed_20260904_110106.json', 'results/benchmarks/notebook-controlled/20260904_104755/Q02/repeat-02/front_tensorrt_mixed_20260904_110119.json', 'results/benchmarks/notebook-controlled/20260904_104755/Q02/repeat-03/front_tensorrt_mixed_20260904_110133.json'], 'aggregate': {'benchmark_repetitions': 3, 'measured_runs_per_repetition': 200, 'total_measured_runs': 600, 'replicate_median_ms': [25.52665500479634, 25.474412501353072, 24.924360997829353], 'replicate_mean_ms': [25.602628129781806, 25.639870654631522, 25.073510589791113], 'replicate_median_mean_ms': 25.30847616799292, 'replicate_median_std_ms': 0.33367749063106594, 'replicate_median_cv': 0.013184416494149125, 'replicate_median_ci95_low_ms': 24.479508428760838, 'replicate_median_ci95_high_ms': 26.137443907225006, 'mean_ms': 25.43866979140148, 'median_ms': 25.183493500662735, 'standard_deviation_ms': 1.172215567058986, 'coefficient_of_variation': 0.04608006537571419, 'min_ms': 23.036795006191824, 'max_ms': 28.759205000824295, 'p05_ms': 23.833819650826626, 'p25_ms': 24.58325874977163, 'p75_ms': 26.144250747165643, 'p95_ms': 27.59679680384579, 'p99_ms': 28.432948164772824, 'iqr_ms': 1.5609919973940123, 'fps': 39.31023155691929, 'gpu_peak_allocated_bytes': 941561856, 'gpu_peak_reserved_bytes': 1000341504}, 'official': True}]",False,0,False,-0.14138377930293133,-0.11941988230254558,-0.06157996538562627,45.03851538358972,1.8194559462489885,66.45286185142193,0.0,True,False,False,30.0,33.333333333333336,True,False,False,False,accuracy retention gate failed,False,False
Q04,precision,modelopt-fp8,fp8,1x3x504x504,0.0035799375583286386,0.024639256052747027,2.9561205818480938e-05,0.0,0.0003636565064997168,0.0045911550153270725,0.15304825231782485,0.3702262102000943,0.641249491936049,0.369527185712914,0.06026596690041662,0.24187013643249103,0.4880133050789019,0.7120391950448729,0.4530970899244638,3,200,600,"[38.1283330025326, 37.791531500261044, 38.20535950217163]","[38.4646704552506, 38.024205605215684, 38.46602554025594]",38.04174133498842,0.22008405543652626,0.005785330737058208,37.49497810702479,38.58850456295205,38.318300533574075,37.99387800245313,1.1524567305256874,0.030075883180568447,36.30811999755679,43.13816400099313,36.91635280192713,37.51540074517834,38.86630625129328,40.58728890195198,41.89420311253343,1.350905506114941,26.09719079591776,941561856,1000341504,50411748,9528ac5c63f4b5e59c78bb4222c8ce50e1cbd92cfcd7ad904327cf4a0335d2d2,037949731e462ecb42feb6e61b61fbca555dfe2a3d381464ad36a17b0a7ff9b9,437,87143,artifacts/experiments/Q04/front/model.engine,"['results/benchmarks/notebook-controlled/20260904_104755/Q04/repeat-01/front_tensorrt_fp8_20260904_110150.json', 'results/benchmarks/notebook-controlled/20260904_104755/Q04/repeat-02/front_tensorrt_fp8_20260904_110206.json', 'results/benchmarks/notebook-controlled/20260904_104755/Q04/repeat-03/front_tensorrt_fp8_20260904_110223.json']","['results/measurement-environment/20260904_104755/Q04/repeat-01-attempt-01.json', 'results/measurement-environment/20260904_104755/Q04/repeat-02-attempt-01.json', 'results/measurement-environment/20260904_104755/Q04/repeat-03-attempt-01.json']",results/coco-evaluation/Q04-front.json,"['results/benchmarks/notebook-controlled/20260904_104755/Q04/repeat-01/front_tensorrt_fp8_20260904_110150.json', 'results/benchmarks/notebook-controlled/20260904_104755/Q04/repeat-02/front_tensorrt_fp8_20260904_110206.json', 'results/benchmarks/notebook-controlled/20260904_104755/Q04/repeat-03/front_tensorrt_fp8_20260904_110223.json']","[{'round': 1, 'benchmarks': ['results/benchmarks/notebook-controlled/20260904_104755/Q04/repeat-01/front_tensorrt_fp8_20260904_110150.json', 'results/benchmarks/notebook-controlled/20260904_104755/Q04/repeat-02/front_tensorrt_fp8_20260904_110206.json', 'results/benchmarks/notebook-controlled/20260904_104755/Q04/repeat-03/front_tensorrt_fp8_20260904_110223.json'], 'aggregate': {'benchmark_repetitions': 3, 'measured_runs_per_repetition': 200, 'total_measured_runs': 600, 'replicate_median_ms': [38.1283330025326, 37.791531500261044, 38.20535950217163], 'replicate_mean_ms': [38.4646704552506, 38.024205605215684, 38.46602554025594], 'replicate_median_mean_ms': 38.04174133498842, 'replicate_median_std_ms': 0.22008405543652626, 'replicate_median_cv': 0.005785330737058208, 'replicate_median_ci95_low_ms': 37.49497810702479, 'replicate_median_ci95_high_ms': 38.58850456295205, 'mean_ms': 38.318300533574075, 'median_ms': 37.99387800245313, 'standard_deviation_ms': 1.1524567305256874, 'coefficient_of_variation': 0.030075883180568447, 'min_ms': 36.30811999755679, 'max_ms': 43.13816400099313, 'p05_ms': 36.91635280192713, 'p25_ms': 37.51540074517834, 'p75_ms': 38.86630625129328, 'p95_ms': 40.58728890195198, 'p99_ms': 41.89420311253343, 'iqr_ms': 1.350905506114941, 'fps': 26.09719079591776, 'gpu_peak_allocated_bytes': 941561856, 'gpu_peak_reserved_bytes': 1000341504}, 'official': True}]",False,0,False,-0.7342789896074399,-0.23241648568505624,-0.2589099917807555,17.080609118244727,1.2059905281094265,62.829434740026386,0.0,True,False,False,30.0,33.333333333333336,False,True,False,False,accuracy retention gate failed,False,False
Q05,precision,modelopt-fp8-mixed,mixed,1x3x504x504,0.7358042388753677,0.9261660294816295,0.7885085076235926,0.31324755690356326,0.6230129470482932,0.8453054423820519,0.8785573428423017,0.5980977119052601,0.8354753117255568,0.6445083437996416,0.05716989240479664,0.4763276766556206,0.7075303640855063,0.7281036911128285,0.7101511148106762,3,200,600,"[42.93441499976325, 43.809970000438625, 43.138730001373915]","[43.22307128484681, 43.91613921998214, 43.439731049693364]",43.29437166719193,0.45805827784886666,0.01058008836275545,42.15639998589338,44.432343348490484,43.52631385150744,43.33256249810802,1.226915452414823,0.028187901612815564,40.93052899406757,47.388359998876695,41.77132059994619,42.59107500001846,44.31426724841003,45.66807684714149,46.64238819001184,1.7231922483915696,22.974608036222833,941561856,1000341504,117264652,13ca51cd4eefa0f04904444ad80bdaf6cafce52420c0537965076d92e36262e7,037949731e462ecb42feb6e61b61fbca555dfe2a3d381464ad36a17b0a7ff9b9,437,86451,artifacts/experiments/Q05/front/model.engine,"['results/benchmarks/notebook-controlled/20260904_104755/Q05/repeat-01/front_tensorrt_mixed_20260904_110240.json', 'results/benchmarks/notebook-controlled/20260904_104755/Q05/repeat-02/front_tensorrt_mixed_20260904_110258.json', 'results/benchmarks/notebook-controlled/20260904_104755/Q05/repeat-03/front_tensorrt_mixed_20260904_110317.json']","['results/measurement-environment/20260904_104755/Q05/repeat-01-attempt-01.json', 'results/measurement-environment/20260904_104755/Q05/repeat-02-attempt-01.json', 'results/measurement-environment/20260904_104755/Q05/repeat-03-attempt-01.json']",results/coco-evaluation/Q05-front.json,"['results/benchmarks/notebook-controlled/20260904_104755/Q05/repeat-01/front_tensorrt_mixed_20260904_110240.json', 'results/benchmarks/notebook-controlled/20260904_104755/Q05/repeat-02/front_tensorrt_mixed_20260904_110258.json', 'results/benchmarks/notebook-controlled/20260904_104755/Q05/repeat-03/front_tensorrt_mixed_20260904_110317.json']","[{'round': 1, 'benchmarks': ['results/benchmarks/notebook-controlled/20260904_104755/Q05/repeat-01/front_tensorrt_mixed_20260904_110240.json', 'results/benchmarks/notebook-controlled/20260904_104755/Q05/repeat-02/front_tensorrt_mixed_20260904_110258.json', 'results/benchmarks/notebook-controlled/20260904_104755/Q05/repeat-03/front_tensorrt_mixed_20260904_110317.json'], 'aggregate': {'benchmark_repetitions': 3, 'measured_runs_per_repetition': 200, 'total_measured_runs': 600, 'replicate_median_ms': [42.93441499976325, 43.809970000438625, 43.138730001373915], 'replicate_mean_ms': [43.22307128484681, 43.91613921998214, 43.439731049693364], 'replicate_median_mean_ms': 43.29437166719193, 'replicate_median_std_ms': 0.45805827784886666, 'replicate_median_cv': 0.01058008836275545, 'replicate_median_ci95_low_ms': 42.15639998589338, 'replicate_median_ci95_high_ms': 44.432343348490484, 'mean_ms': 43.52631385150744, 'median_ms': 43.33256249810802, 'standard_deviation_ms': 1.226915452414823, 'coefficient_of_variation': 0.028187901612815564, 'min_ms': 40.93052899406757, 'max_ms': 47.388359998876695, 'p05_ms': 41.77132059994619, 'p25_ms': 42.59107500001846, 'p75_ms': 44.31426724841003, 'p95_ms': 45.66807684714149, 'p99_ms': 46.64238819001184, 'iqr_ms': 1.7231922483915696, 'fps': 22.974608036222833, 'gpu_peak_allocated_bytes': 941561856, 'gpu_peak_reserved_bytes': 1000341504}, 'official': True}]",False,0,False,-0.0020546882904007857,-0.004544983979890449,-0.0018559668945431484,5.429246062833751,1.0574093558188296,13.536158280921041,0.0,True,False,True,30.0,33.333333333333336,False,True,True,True,,False,False
Q06,precision,modelopt-fp8-mixed-kld,mixed,1x3x504x504,0.004075750906385281,0.02632105834859388,3.280462900814253e-05,0.0,0.0010472086391011852,0.004784310267092295,0.15734235839171012,0.3540556583177658,0.6221397382336707,0.3449490319018853,0.06344119453546188,0.24128154295764176,0.47860879983829513,0.7179537218964126,0.4565858431052821,3,200,600,"[39.41318600118393, 39.51208500075154, 39.330195999355055]","[39.661235740095435, 39.71326136022981, 39.566889709785755]",39.41848900043018,0.09106038413056938,0.0023100932186816098,39.192264208870036,39.64471379199032,39.647128936703666,39.408903001458384,0.9840188534663551,0.024819422738966385,37.79056899657007,44.386878005752806,38.52492554942728,39.00805299963395,40.085282000291045,41.529231199092465,43.24338190665002,1.0772290006570984,25.222507324464583,941561856,1000341504,67912876,6276e16f05618b906cad3c5e4bc1c47d668852fe4277b3ff3178a329979cc643,037949731e462ecb42feb6e61b61fbca555dfe2a3d381464ad36a17b0a7ff9b9,437,87153,artifacts/experiments/Q06/front/model.engine,"['results/benchmarks/notebook-controlled/20260904_104755/Q06/repeat-01/front_tensorrt_mixed_20260904_110334.json', 'results/benchmarks/notebook-controlled/20260904_104755/Q06/repeat-02/front_tensorrt_mixed_20260904_110350.json', 'results/benchmarks/notebook-controlled/20260904_104755/Q06/repeat-03/front_tensorrt_mixed_20260904_110407.json']","['results/measurement-environment/20260904_104755/Q06/repeat-01-attempt-01.json', 'results/measurement-environment/20260904_104755/Q06/repeat-02-attempt-01.json', 'results/measurement-environment/20260904_104755/Q06/repeat-03-attempt-01.json']",results/coco-evaluation/Q06-front.json,"['results/benchmarks/notebook-controlled/20260904_104755/Q06/repeat-01/front_tensorrt_mixed_20260904_110334.json', 'results/benchmarks/notebook-controlled/20260904_104755/Q06/repeat-02/front_tensorrt_mixed_20260904_110350.json', 'results/benchmarks/notebook-controlled/20260904_104755/Q06/repeat-03/front_tensorrt_mixed_20260904_110407.json']","[{'round': 1, 'benchmarks': ['results/benchmarks/notebook-controlled/20260904_104755/Q06/repeat-01/front_tensorrt_mixed_20260904_110334.json', 'results/benchmarks/notebook-controlled/20260904_104755/Q06/repeat-02/front_tensorrt_mixed_20260904_110350.json', 'results/benchmarks/notebook-controlled/20260904_104755/Q06/repeat-03/front_tensorrt_mixed_20260904_110407.json'], 'aggregate': {'benchmark_repetitions': 3, 'measured_runs_per_repetition': 200, 'total_measured_runs': 600, 'replicate_median_ms': [39.41318600118393, 39.51208500075154, 39.330195999355055], 'replicate_mean_ms': [39.661235740095435, 39.71326136022981, 39.566889709785755], 'replicate_median_mean_ms': 39.41848900043018, 'replicate_median_std_ms': 0.09106038413056938, 'replicate_median_cv': 0.0023100932186816098, 'replicate_median_ci95_low_ms': 39.192264208870036, 'replicate_median_ci95_high_ms': 39.64471379199032, 'mean_ms': 39.647128936703666, 'median_ms': 39.408903001458384, 'standard_deviation_ms': 0.9840188534663551, 'coefficient_of_variation': 0.024819422738966385, 'min_ms': 37.79056899657007, 'max_ms': 44.386878005752806, 'p05_ms': 38.52492554942728, 'p25_ms': 39.00805299963395, 'p75_ms': 40.085282000291045, 'p95_ms': 41.529231199092465, 'p99_ms': 43.24338190665002, 'iqr_ms': 1.0772290006570984, 'fps': 25.222507324464583, 'gpu_peak_allocated_bytes': 941561856, 'gpu_peak_reserved_bytes': 1000341504}, 'official': True}]",False,0,False,-0.7337831762593833,-0.2485870375673847,-0.2554212385999372,13.992400776037694,1.1626879589976895,49.925164480499745,0.0,True,False,False,30.0,33.333333333333336,False,True,False,False,accuracy retention gate failed,False,False
Q07,precision,modelopt-fp8-mixed,mixed,1x3x504x504,0.028162096240612153,0.1390114046685989,0.0012845555921699827,0.011157797900372158,0.004452638592516479,0.03529572100303952,0.3569541935012003,0.3579247452931818,0.6020312130357469,0.3598637251167136,0.05666074016226249,0.20466833889237895,0.48171306275805603,0.7239729530299054,0.42892598576533364,3,200,600,"[38.77304900379386, 38.21338999841828, 38.15618050066405]","[39.06460407004488, 38.35770868965483, 38.37075844989158]",38.380873167625396,0.34083668598633465,0.008880378632809048,37.53411956583137,39.22762676941942,38.5976904031971,38.29855150252115,1.2102684128720953,0.03135598011770795,36.37856400018791,51.733525993768126,37.287459499930264,37.81191249800031,39.08678475272609,40.82614890357945,41.82187388847524,1.2748722547257785,25.90828595063213,941561856,1000341504,55561316,3c7053bd3d63c5c89b195fb2eb3f3f9e1a29542fefc236571ebc299cda5cab1c,037949731e462ecb42feb6e61b61fbca555dfe2a3d381464ad36a17b0a7ff9b9,437,87112,artifacts/experiments/Q07/front/model.engine,"['results/benchmarks/notebook-controlled/20260904_104755/Q07/repeat-01/front_tensorrt_mixed_20260904_110425.json', 'results/benchmarks/notebook-controlled/20260904_104755/Q07/repeat-02/front_tensorrt_mixed_20260904_110442.json', 'results/benchmarks/notebook-controlled/20260904_104755/Q07/repeat-03/front_tensorrt_mixed_20260904_110458.json']","['results/measurement-environment/20260904_104755/Q07/repeat-01-attempt-01.json', 'results/measurement-environment/20260904_104755/Q07/repeat-02-attempt-01.json', 'results/measurement-environment/20260904_104755/Q07/repeat-03-attempt-01.json']",results/coco-evaluation/Q07-front.json,"['results/benchmarks/notebook-controlled/20260904_104755/Q07/repeat-01/front_tensorrt_mixed_20260904_110425.json', 'results/benchmarks/notebook-controlled/20260904_104755/Q07/repeat-02/front_tensorrt_mixed_20260904_110442.json', 'results/benchmarks/notebook-controlled/20260904_104755/Q07/repeat-03/front_tensorrt_mixed_20260904_110458.json']","[{'round': 1, 'benchmarks': ['results/benchmarks/notebook-controlled/20260904_104755/Q07/repeat-01/front_tensorrt_mixed_20260904_110425.json', 'results/benchmarks/notebook-controlled/20260904_104755/Q07/repeat-02/front_tensorrt_mixed_20260904_110442.json', 'results/benchmarks/notebook-controlled/20260904_104755/Q07/repeat-03/front_tensorrt_mixed_20260904_110458.json'], 'aggregate': {'benchmark_repetitions': 3, 'measured_runs_per_repetition': 200, 'total_measured_runs': 600, 'replicate_median_ms': [38.77304900379386, 38.21338999841828, 38.15618050066405], 'replicate_mean_ms': [39.06460407004488, 38.35770868965483, 38.37075844989158], 'replicate_median_mean_ms': 38.380873167625396, 'replicate_median_std_ms': 0.34083668598633465, 'replicate_median_cv': 0.008880378632809048, 'replicate_median_ci95_low_ms': 37.53411956583137, 'replicate_median_ci95_high_ms': 39.22762676941942, 'mean_ms': 38.5976904031971, 'median_ms': 38.29855150252115, 'standard_deviation_ms': 1.2102684128720953, 'coefficient_of_variation': 0.03135598011770795, 'min_ms': 36.37856400018791, 'max_ms': 51.733525993768126, 'p05_ms': 37.287459499930264, 'p25_ms': 37.81191249800031, 'p75_ms': 39.08678475272609, 'p95_ms': 40.82614890357945, 'p99_ms': 41.82187388847524, 'iqr_ms': 1.2748722547257785, 'fps': 25.90828595063213, 'gpu_peak_allocated_bytes': 941561856, 'gpu_peak_reserved_bytes': 1000341504}, 'official': True}]",False,0,False,-0.7096968309251563,-0.2447179505919687,-0.2830810959398857,16.415677229959424,1.1963966050801498,59.03245564291847,0.0,True,False,False,30.0,33.333333333333336,False,True,False,False,accuracy retention gate failed,False,False
