experiment_id,family,method,precision,input_shape,bbox_ap,bbox_ap50,bbox_ap75,bbox_ap_small,bbox_ap_medium,bbox_ap_large,bbox_ar100,mask_ap,mask_ap50,mask_ap75,mask_ap_small,mask_ap_medium,mask_ap_large,mask_ar100,semantic_miou,benchmark_repetitions,measured_runs_per_repetition,total_measured_runs,replicate_median_ms,replicate_mean_ms,replicate_median_mean_ms,replicate_median_std_ms,replicate_median_cv,replicate_median_ci95_low_ms,replicate_median_ci95_high_ms,mean_ms,median_ms,standard_deviation_ms,coefficient_of_variation,min_ms,max_ms,p05_ms,p25_ms,p75_ms,p95_ms,p99_ms,iqr_ms,fps,gpu_peak_allocated_bytes,gpu_peak_reserved_bytes,engine_size_bytes,engine_sha256,annotation_sha256,test_image_count,prediction_count,engine,benchmarks,evaluation,bbox_ap_delta_vs_B01,mask_ap_delta_vs_B01,semantic_miou_delta_vs_B01,median_latency_reduction_vs_B01_pct,speedup_vs_B01,engine_size_reduction_vs_B01_pct,gpu_memory_reduction_vs_B01_pct,measurement_valid,latency_stability_warning,accuracy_gate_pass,stage3_pareto_eligible,exclusion_reason
B01,baseline,none,fp32,1x3x504x504,0.7378589271657685,0.9268739559620214,0.7921449439777805,0.3108272172948915,0.6103673048630374,0.8415875264113254,0.8793871239311294,0.6026426958851505,0.8399217797660261,0.6488118849989394,0.05679280617727269,0.48866117603692816,0.7159652185775518,0.729644128492741,0.7120070817052193,3,200,600,"[48.1755879998218, 49.01755049991152, 49.95251900004405]","[48.30222679501276, 49.1288066400125, 50.32333924497834]",49.04855249992579,0.8888710749548404,0.01812226925465711,46.84029612614238,51.256808873709204,49.2514575600012,49.072379500103125,1.83186306219304,0.03719408831629704,45.15584000000672,54.630323000310455,46.376726050061734,48.01874800000405,50.28282350019708,52.86397085008048,53.98668073999943,2.26407550019303,20.30396762941965,941561856,1000341504,135622764,b7800a7c51d9163f3b88030919f15231ff1b262cad9feac52bbd09081684ef6d,037949731e462ecb42feb6e61b61fbca555dfe2a3d381464ad36a17b0a7ff9b9,437,86415,artifacts/experiments/B01/front/model.engine,"['results/benchmarks/notebook/B01/repeat-01/front_tensorrt_fp32_20260903_212921.json', 'results/benchmarks/notebook/B01/repeat-02/front_tensorrt_fp32_20260903_212937.json', 'results/benchmarks/notebook/B01/repeat-03/front_tensorrt_fp32_20260903_212954.json']",results/coco-evaluation/B01-front.json,0.0,0.0,0.0,0.0,1.0,0.0,0.0,True,False,True,True,
B02,precision,tensorrt-fp16,fp16,1x3x504x504,0.7415530084406021,0.9275051218773379,0.7930866276291076,0.31399164313576833,0.6360391797757647,0.8468595654605359,0.8803819874346566,0.6017216878776938,0.8374940913575352,0.648793643811385,0.05334195308063992,0.48682626878739715,0.7146840996719729,0.730692346522091,0.7138475799724896,3,200,600,"[27.75560400004906, 27.238040499923954, 27.146126500156242]","[28.06880126000351, 27.651732094975614, 27.509437324999908]",27.379923666709754,0.32857849972537034,0.012000709122680166,26.563623545408582,28.196223788010926,27.743323559993012,27.337854000052175,1.4141076073147667,0.050971095956000266,25.08102499996312,34.04498200006856,26.10164775028352,26.722514750076698,28.512443249951502,30.484671349768178,31.613509899707424,1.7899284998748044,36.044708120048035,941561856,1000341504,71242972,eedabbb239942a30399e9f1b59b0f8a0c9d76097de80e4efd466535a9b879185,037949731e462ecb42feb6e61b61fbca555dfe2a3d381464ad36a17b0a7ff9b9,437,86439,artifacts/experiments/B02/front/model.engine,"['results/benchmarks/notebook/B02/repeat-01/front_tensorrt_fp16_20260903_213444.json', 'results/benchmarks/notebook/B02/repeat-02/front_tensorrt_fp16_20260903_213456.json', 'results/benchmarks/notebook/B02/repeat-03/front_tensorrt_fp16_20260903_213508.json']",results/coco-evaluation/B02-front.json,0.003694081274833616,-0.0009210080074567584,0.0018404982672702852,44.290751175017455,1.7950340761937447,47.469753676455085,0.0,True,False,True,True,
B03,precision,tensorrt-int8-ptq,int8,1x3x504x504,0.7421901253864573,0.9283440854106519,0.7952832340439254,0.31254769924832465,0.6342850842923609,0.8478497259422241,0.8784045379137204,0.602749828431408,0.8396094796758079,0.6474215696365945,0.053793733353535725,0.48623889165257045,0.7151903388283486,0.7297329328771308,0.712443682711115,3,200,600,"[26.52211599979637, 26.53236049991392, 26.51403100026073]","[26.868835399964155, 26.889712579986735, 26.730438250006046]",26.522835833323672,0.009185927259365699,0.0003463403128192034,26.500014883254355,26.54565678339299,26.829662076652312,26.520097000229725,1.4630217592173103,0.05453001066645785,24.030979000599473,31.601691000105347,24.78770849970715,25.826082250205218,27.697732749857096,29.611090999787848,30.948897729394957,1.871650499651878,37.272180213936394,941561856,1000341504,71309796,29efb304dc17c96d4a8b281be1a71eb5e1cf743fb8a87e30aaebe8e6b17d97cf,037949731e462ecb42feb6e61b61fbca555dfe2a3d381464ad36a17b0a7ff9b9,437,86420,artifacts/experiments/B03/front/model.engine,"['results/benchmarks/notebook/B03/repeat-01/front_tensorrt_int8_20260903_214246.json', 'results/benchmarks/notebook/B03/repeat-02/front_tensorrt_int8_20260903_214257.json', 'results/benchmarks/notebook/B03/repeat-03/front_tensorrt_int8_20260903_214308.json']",results/coco-evaluation/B03-front.json,0.004331198220688837,0.00010713254625749347,0.00043660100589570927,45.95718147277942,1.8503846158510673,47.42048171205241,0.0,True,False,True,True,
M01,semi-structured,nvidia-2to4,fp16,1x3x504x504,0.6345828690273081,0.9066032122687276,0.6978480344394071,0.22404947403893785,0.5768438833150134,0.7365292069606161,0.7877063098121311,0.517988143310128,0.8030065832256142,0.5591948804271022,0.043139789153267716,0.2944273394184036,0.6398070949785498,0.6773796443427956,0.6826235848602537,3,200,600,"[43.83496650007146, 43.96386599910329, 43.45412850125285]","[44.14792330000637, 44.12300515003153, 43.682239369936724]",43.75098700014254,0.2650424427991495,0.006057976310300977,43.09253193266936,44.409442067615714,43.98438927332487,43.71428499962349,1.1920721895997797,0.027102165320338628,42.05129699948884,50.34483800045564,42.47203599925342,43.09916375041212,44.69126374988264,46.19608764987788,47.258162730031465,1.5920999994705198,22.735338980970415,941561856,1000341504,71198284,34429486ea34f461cebfd4ed7b2e2df537160c9326589d120e74a962ac39efb7,037949731e462ecb42feb6e61b61fbca555dfe2a3d381464ad36a17b0a7ff9b9,437,87264,artifacts/experiments/M01/front/model.engine,"['results/benchmarks/notebook/M01/repeat-01/front_tensorrt_fp16_20260904_010606.json', 'results/benchmarks/notebook/M01/repeat-02/front_tensorrt_fp16_20260904_010621.json', 'results/benchmarks/notebook/M01/repeat-03/front_tensorrt_fp16_20260904_010635.json']",results/coco-evaluation/M01-front.json,-0.10327605813846041,-0.08465455257502252,-0.029383496844965662,10.918758281261617,1.1225707912305047,47.50270389711273,0.0,True,False,False,False,accuracy retention gate failed
M02,semi-structured,nvidia-2to4,fp16,1x3x504x504,0.632380362274998,0.9051394892406524,0.7002936630194493,0.23004444851190609,0.6466274780332826,0.7340556473144345,0.7849560561396349,0.5148480302335408,0.7977061108149173,0.5585710767517705,0.040748802125895274,0.3049099714816371,0.6389520950785644,0.6723818226287619,0.6751028359197037,3,200,600,"[43.58756150031695, 43.05093950006267, 43.52199099957943]","[43.97319178498947, 43.39950106505967, 43.81282333505624]",43.38683066665302,0.29273200967234714,0.006747024504312089,42.65958535022484,44.1140759830812,43.72850539503512,43.33757899985358,1.3089568908087421,0.0299337212416448,41.55079400152317,49.409365999963484,42.11806560097102,42.75346625036036,44.72811124969667,46.02326784970501,47.12123359957331,1.9746449993363058,22.86837821156217,941561856,1000341504,65423652,808767d244919a7d37ca5e2509f2480b945e36ea5e8b44fb6f61c2871fc0d5c2,037949731e462ecb42feb6e61b61fbca555dfe2a3d381464ad36a17b0a7ff9b9,437,87258,artifacts/experiments/M02/front/model.engine,"['results/benchmarks/notebook/M02/repeat-01/front_tensorrt_fp16_20260904_011059.json', 'results/benchmarks/notebook/M02/repeat-02/front_tensorrt_fp16_20260904_011114.json', 'results/benchmarks/notebook/M02/repeat-03/front_tensorrt_fp16_20260904_011128.json']",results/coco-evaluation/M02-front.json,-0.10547856489077045,-0.08779466565160976,-0.036904245785515655,11.686412109356745,1.1323285848586264,51.76056727467964,0.0,True,False,False,False,accuracy retention gate failed
S01,structured,decoder-layer,fp32,1x3x504x504,0.7389992702819812,0.9339003048650467,0.7907324434051439,0.28278597481571294,0.5624136069334063,0.8448316781821551,0.8736058243951713,0.6022300056180777,0.8437673446660442,0.6591472482934229,0.05560609881632403,0.4551544060176449,0.7108976359206587,0.7313176825802522,0.7338994811052602,3,200,600,"[48.80638049962727, 47.76950399946145, 48.65277999988393]","[48.87835699498282, 47.910033634971114, 48.829902460033736]",48.409554832990885,0.5595954614778811,0.011559607672667945,47.019330446837266,49.799779219144504,48.53943102999589,48.4040544997697,1.3338635973580106,0.02748000067272572,45.44090000035794,53.37277299986454,46.53094050004256,47.63513999978386,49.241829000038706,51.033115100153736,52.836407209824756,1.6066890002548462,20.601807206640526,941561856,1000341504,129241676,1657f1292a20ef0ad02f1c733c8e8056038a6d6de5bed2e6d75eb385142cbb90,037949731e462ecb42feb6e61b61fbca555dfe2a3d381464ad36a17b0a7ff9b9,437,87120,artifacts/experiments/S01/front/model.engine,"['results/benchmarks/notebook/S01/repeat-01/front_tensorrt_fp32_20260903_214613.json', 'results/benchmarks/notebook/S01/repeat-02/front_tensorrt_fp32_20260903_214629.json', 'results/benchmarks/notebook/S01/repeat-03/front_tensorrt_fp32_20260903_214646.json']",results/coco-evaluation/S01-front.json,0.0011403431162126942,-0.00041269026707280165,0.02189239940004084,1.3619168402706467,1.013807211136344,4.705027247490694,0.0,True,False,True,True,
S02,structured,decoder-layer,fp32,1x3x504x504,0.7161213328372058,0.9245232363702137,0.7750870289005215,0.30498341820914937,0.6302001302183599,0.8210755146097616,0.8755654798568346,0.5850419797466627,0.8246511509749055,0.6385949400909041,0.050396644768475336,0.4488039832790011,0.7059797642722884,0.7241024058480653,0.7531286481742853,3,200,600,"[81.03562750011406, 82.86287399960202, 80.16436449997855]","[81.21385554997232, 82.52875289999338, 80.25524410501475]",81.35428866656487,1.3771881077552084,0.01692827913964919,77.93288763042061,84.77568970270913,81.33261751832681,81.08357399987653,1.544794677692123,0.018993544347002383,77.72173400007887,85.74994100035838,79.0618108000217,80.16325000016877,82.64672525001515,83.84538319978674,84.46603757005505,2.4834752498463786,12.29519017723324,941561856,1000341504,122879868,a5a26d9f974c0e14adc550ab7644919652b2b08025f2b335d3af05e7c220902d,037949731e462ecb42feb6e61b61fbca555dfe2a3d381464ad36a17b0a7ff9b9,437,85836,artifacts/experiments/S02/front/model.engine,"['results/benchmarks/notebook/S02/repeat-01/front_tensorrt_fp32_20260903_215019.json', 'results/benchmarks/notebook/S02/repeat-02/front_tensorrt_fp32_20260903_215042.json', 'results/benchmarks/notebook/S02/repeat-03/front_tensorrt_fp32_20260903_215105.json']",results/coco-evaluation/S02-front.json,-0.021737594328562704,-0.017600716138487793,0.04112156646906595,-65.23261114677787,0.6052074061286179,9.395838592406212,0.0,True,False,False,False,accuracy retention gate failed
S04,structured,ffn-dimension,fp32,1x3x504x504,0.5180516359118821,0.8589535704838495,0.5845971368127594,0.16141184154408017,0.3736749652854666,0.5842179739223072,0.7204825107348503,0.5213500016890231,0.7965053880640579,0.5546988822653518,0.04346100210524973,0.3436729152004812,0.6249359387461625,0.7126610884295617,0.6475576194715931,3,200,600,"[84.87026399870956, 84.84409250013414, 84.55815849902137]","[85.14965628496611, 85.05715898004382, 84.80535884502387]",84.75750499928836,0.17313436172794155,0.0020427024336003665,84.32738068927402,85.1876293093027,85.00405803667793,84.76287699977547,1.3688243147116423,0.016103046681853892,81.50326000031782,89.84584099925996,83.04031230072724,84.13865200145665,85.66034149998814,87.70145749858784,88.8876181703381,1.5216894985314866,11.764144243190314,941561856,1000341504,127079372,0be2db8272e6055f37e30e3b3a809704ffccf615e40e8c5ad0726370bb089c04,037949731e462ecb42feb6e61b61fbca555dfe2a3d381464ad36a17b0a7ff9b9,437,83756,artifacts/experiments/S04/front/model.engine,"['results/benchmarks/notebook/S04/repeat-01/front_tensorrt_fp32_20260904_011449.json', 'results/benchmarks/notebook/S04/repeat-02/front_tensorrt_fp32_20260904_011513.json', 'results/benchmarks/notebook/S04/repeat-03/front_tensorrt_fp32_20260904_011537.json']",results/coco-evaluation/S04-front.json,-0.21980729125388643,-0.08129269419612739,-0.06444946223362624,-72.7303176720773,0.5789371625532851,6.299379062942561,0.0,True,False,False,False,accuracy retention gate failed
C01,combined,structured-selected,fp16,1x3x504x504,0.738597901902575,0.9359410615277045,0.7924916805209145,0.2779313552831788,0.5567115122369054,0.8417660311406839,0.8752296601943022,0.6029119261351803,0.8414925820154284,0.6562434314308484,0.055714564259962435,0.4483125129222714,0.7132881723417649,0.7335722604027154,0.7366895364204816,3,200,600,"[44.17159799959336, 42.42926699998861, 42.80226750006477]","[43.86037810500511, 42.885486764971574, 43.08613422500457]",43.13437749988225,0.9174159999858252,0.021268789609594566,40.855205878190645,45.41354912157385,43.27733303166042,42.93135700027051,1.3266040273367081,0.030653553128290132,40.86163700048928,49.06528599985904,41.52655329976369,42.152000250098354,44.29296500006785,45.52685139965433,46.440142110595836,2.1409647499694984,23.10678431289723,941561856,1000341504,67873396,bfbcd85bff8b8eb57c2be2368c5cba41aebe25c9892603894a59fc184ff035f6,037949731e462ecb42feb6e61b61fbca555dfe2a3d381464ad36a17b0a7ff9b9,437,87115,artifacts/experiments/C01/front/model.engine,"['results/benchmarks/notebook/C01/repeat-01/front_tensorrt_fp16_20260903_215536.json', 'results/benchmarks/notebook/C01/repeat-02/front_tensorrt_fp16_20260903_215551.json', 'results/benchmarks/notebook/C01/repeat-03/front_tensorrt_fp16_20260903_215606.json']",results/coco-evaluation/C01-front.json,0.000738974736806508,0.00026923025002978385,0.024682454715262314,12.514213825355077,1.1430428229835343,49.95427463784767,0.0,True,False,True,True,
C02,combined,structured-selected,int8,1x3x504x504,0.7400863602009445,0.935629372031065,0.7946246808446918,0.2807025861333039,0.5667246210482796,0.8420302932483863,0.8750164909589727,0.6023425986945383,0.8436519912250661,0.6540234660019252,0.05474042594410672,0.45577144316775253,0.7087602648651024,0.7341994491445925,0.741211228206296,3,200,600,"[25.829382500432985, 25.750064499789005, 26.244569499795034]","[26.16314230996977, 25.970315810009197, 26.55339257495143]",25.941338833339007,0.2655832527025451,0.010237839087982065,25.28154021115938,26.601137455518632,26.228950231643466,25.94122350046746,1.327865716085643,0.05062595736232182,23.68079799998668,30.9152380004889,24.428780200105393,25.27087749990642,27.108257250120005,28.634472450039535,29.786743840750205,1.8373797502135858,38.12581102821138,941561856,1000341504,67959596,828a0f74ef4b9629f999a99c3c955e97d69cc52306bf44aeea69f7f8d128c6e3,037949731e462ecb42feb6e61b61fbca555dfe2a3d381464ad36a17b0a7ff9b9,437,87107,artifacts/experiments/C02/front/model.engine,"['results/benchmarks/notebook/C02/repeat-01/front_tensorrt_int8_20260903_220423.json', 'results/benchmarks/notebook/C02/repeat-02/front_tensorrt_int8_20260903_220434.json', 'results/benchmarks/notebook/C02/repeat-03/front_tensorrt_int8_20260903_220445.json']",results/coco-evaluation/C02-front.json,0.0022274330351760296,-0.00030009719061219187,0.029204146501076722,47.136813489117756,1.8916755988482519,49.89071598629268,0.0,True,False,True,True,
C03,combined,structured-resolution,fp32,1x3x432x432,0.7318819382580608,0.9322202331545338,0.7920879512190363,0.2643611430997656,0.5930876711377386,0.8433496460214314,0.8670514027097019,0.5939927335145,0.8389463587441868,0.6519845513450481,0.04484513473963772,0.4637476642744076,0.701879801515664,0.7177416449149157,0.7353064144990077,3,200,600,"[68.23273249938211, 68.34929550041124, 68.15976900088572]","[68.12896205992729, 68.08354903503641, 68.00029562995405]",68.24726566689303,0.09559541424161079,0.001400721527924663,68.00977432675214,68.48475700703392,68.07093557497258,68.25903799926891,1.129059002333809,0.016586506308412286,64.35110999882454,72.88164599958691,65.88453234980989,67.54333474964369,68.84721624919621,69.50134540165891,70.2817355202933,1.3038814995525172,14.690557600734179,936573952,977272832,128549228,633b6f87ea21ef96eace52901791958a66b13f87022fc86b1e4d4873afdb3ecf,037949731e462ecb42feb6e61b61fbca555dfe2a3d381464ad36a17b0a7ff9b9,437,87063,artifacts/experiments/C03/front/model.engine,"['results/benchmarks/notebook/C03/repeat-01/front_tensorrt_fp32_20260904_011907.json', 'results/benchmarks/notebook/C03/repeat-02/front_tensorrt_fp32_20260904_011927.json', 'results/benchmarks/notebook/C03/repeat-03/front_tensorrt_fp32_20260904_011947.json']",results/coco-evaluation/C03-front.json,-0.005976988907707703,-0.008649962370650521,0.023299332793788374,-39.098691961993545,0.7189140213289955,5.215596402385664,0.5297478830748216,True,False,True,True,
C04,combined,structured-resolution,fp32,1x3x480x480,0.7310415390195883,0.9364720875459759,0.7831944601512114,0.2701885896624858,0.4792788136209696,0.8440515383416898,0.8716904812567168,0.599605674186933,0.8442760136040285,0.6457183546606786,0.043581685069528794,0.3721858106570243,0.7064103481892694,0.7276417921756191,0.7281783411589681,3,200,600,"[75.45434700023179, 77.1166770000491, 76.74821300042822]","[75.75212949000161, 77.13208994506203, 76.94551164500808]",76.43974566690304,0.8730402791178951,0.011421287073903818,74.27081834408551,78.60867298972056,76.6099103600239,76.17274849962996,1.53771917262538,0.020072065942891154,73.53308299934724,81.97611200012034,74.72436345096867,75.36672425021607,77.8275815005145,79.41156549986772,80.40399585001067,2.4608572502984316,13.053141496975483,939813376,981467136,128969140,14de81813ff71cac78d0d349431099c5119905068ce3f85da70404280a86a551,037949731e462ecb42feb6e61b61fbca555dfe2a3d381464ad36a17b0a7ff9b9,437,87129,artifacts/experiments/C04/front/model.engine,"['results/benchmarks/notebook/C04/repeat-01/front_tensorrt_fp32_20260904_012315.json', 'results/benchmarks/notebook/C04/repeat-02/front_tensorrt_fp32_20260904_012337.json', 'results/benchmarks/notebook/C04/repeat-03/front_tensorrt_fp32_20260904_012359.json']",results/coco-evaluation/C04-front.json,-0.006817388146180159,-0.0030370216982175124,0.016171259453748754,-55.22530041460469,0.6442248765690989,4.905978763270154,0.18569996106554257,True,False,True,True,
R01,input,input-resolution,fp16,1x3x432x432,0.7287984799915459,0.9246300291965575,0.7803742773978024,0.2749672636981775,0.5342058803864995,0.8430068647604106,0.8679237263940097,0.5941087991992697,0.8326864464469744,0.6361196031266156,0.046705593359936924,0.5256950287925706,0.7109112992546921,0.7142220850683234,0.7034388832290747,3,200,600,"[25.98569400015549, 24.071694000667776, 26.659065500098222]","[25.647051845053284, 24.277511739996953, 26.546504439984346]",25.57215116697383,1.3423435011848404,0.05249239660832536,22.237315918286313,28.906986415661343,25.49035600834486,25.818753499606828,1.2898175255887734,0.05060021622163777,22.42095800011157,29.516816000068502,23.516481449769344,24.237970749709348,26.55639350018646,27.25576315010585,27.750680309918607,2.3184227504771115,39.23052309165971,936573952,977272832,71359388,9c4cef49331dc94581f92ff10a141a5619caaf3c71aa708c24bfc0a39311efda,037949731e462ecb42feb6e61b61fbca555dfe2a3d381464ad36a17b0a7ff9b9,437,86457,artifacts/experiments/R01/front/model.engine,"['results/benchmarks/notebook/R01/repeat-01/front_tensorrt_fp16_20260903_221617.json', 'results/benchmarks/notebook/R01/repeat-02/front_tensorrt_fp16_20260903_221627.json', 'results/benchmarks/notebook/R01/repeat-03/front_tensorrt_fp16_20260903_221639.json']",results/coco-evaluation/R01-front.json,-0.009060447174222608,-0.008533896685880782,-0.00856819847614465,47.38638361819693,1.9006486700006802,47.38391557924597,0.5297478830748216,True,True,True,True,
R02,input,input-resolution,fp32,1x3x480x480,0.7329731311010346,0.9252375929791357,0.7789656919797115,0.2754308333438719,0.5163820240099521,0.8447947057057178,0.8781966363835834,0.5997268915175692,0.8412961717754037,0.6382843982603958,0.050045713857184905,0.38986450222589647,0.7085936147015047,0.7271833912158736,0.7107549105524779,3,200,600,"[80.27361650056264, 79.35321799959638, 79.49584749985661]","[80.07198491501185, 79.44634302994018, 79.67088520000289]",79.70756066667188,0.49537884381294023,0.006214954261171776,78.47687207739254,80.93824925595122,79.72973771498498,79.87751949985977,1.3478833910357704,0.016905654397787382,76.82856300016283,82.90506599951186,77.60279659933076,78.59369624884494,80.77228449974427,81.84552519951467,82.60517971068111,2.178588250899338,12.54237162518663,939813376,981467136,135359412,ff5c45209c42a5a49a130e6694eed0af947c9d7c2a667ebf5d4b0a2b56cd2a31,037949731e462ecb42feb6e61b61fbca555dfe2a3d381464ad36a17b0a7ff9b9,437,86477,artifacts/experiments/R02/front/model.engine,"['results/benchmarks/notebook/R02/repeat-01/front_tensorrt_fp32_20260904_012731.json', 'results/benchmarks/notebook/R02/repeat-02/front_tensorrt_fp32_20260904_012754.json', 'results/benchmarks/notebook/R02/repeat-03/front_tensorrt_fp32_20260904_012817.json']",results/coco-evaluation/R02-front.json,-0.004885796064733938,-0.0029158043675813206,-0.0012521711527414547,-62.77490578929826,0.6143453102620353,0.19417979123327703,0.18569996106554257,True,False,True,True,
R03,input,input-resolution,fp32,1x3x384x384,0.7264564082481132,0.9329505158409681,0.7667819624989041,0.237834555764621,0.5444707631991951,0.8460256294060681,0.8680585160473518,0.5865409277639649,0.8156595151329519,0.6388196719300908,0.031683889469134446,0.34485718798532944,0.702572323987006,0.7018951571815482,0.7281027967504808,3,200,600,"[61.56727750021673, 60.74328799968498, 60.13903549956012]","[61.55883687496498, 60.82272566002757, 60.744403059898104]",60.81653366648728,0.7169327017851005,0.01178845058346631,59.035430362646345,62.59763697032822,61.04198853163022,61.10915699991892,1.7281872447919921,0.02831145063199399,58.15426600020146,78.86320100078592,58.791035149351956,59.750101248937426,61.99050250006621,63.577156098926935,65.96085665971259,2.2404012511287874,16.38216617864322,933675520,966787072,134476020,b3ee83810ee62c55ccc670247a85fa94eef62ebd249388dd51736a6f84407199,037949731e462ecb42feb6e61b61fbca555dfe2a3d381464ad36a17b0a7ff9b9,437,86546,artifacts/experiments/R03/front/model.engine,"['results/benchmarks/notebook/R03/repeat-01/front_tensorrt_fp32_20260904_013147.json', 'results/benchmarks/notebook/R03/repeat-02/front_tensorrt_fp32_20260904_013205.json', 'results/benchmarks/notebook/R03/repeat-03/front_tensorrt_fp32_20260904_013223.json']",results/coco-evaluation/R03-front.json,-0.011402518917655313,-0.016101768121185578,0.016095715045261527,-24.528620014830345,0.8030282515624988,0.8455394700553367,0.8375802343462817,True,False,False,False,accuracy retention gate failed
Q01,precision,modelopt-int8-smoothquant,int8,1x3x504x504,0.593151862332506,0.8192457909077178,0.6744182991633434,0.043911346310117595,0.4679029672815765,0.758448333104057,0.7708824484625559,0.47432176245291,0.6855633513219301,0.5452047737710902,0.002619723978981869,0.3973912234791928,0.5383624219447309,0.5772562473117075,0.6590965538365575,3,200,600,"[41.67012700054329, 41.366286000084074, 41.68378149915952]","[41.80833949996668, 41.62156848497034, 42.184399645075246]",41.57339816659563,0.17949428534342704,0.004317527391534025,41.12747365534133,42.01932267784993,41.87143587667075,41.579243499654694,1.1959642693921688,0.02856277183602669,40.04254199935531,46.633526999357855,40.538508399731654,41.06247350000558,42.270984500191844,44.40198480133404,45.720135279880196,1.2085110001862631,23.88262974657537,941561856,1000341504,50137380,482305be94d757175ea25f97c6f9c6823e4f524165d774c9e4fba8ca0a1157c2,037949731e462ecb42feb6e61b61fbca555dfe2a3d381464ad36a17b0a7ff9b9,437,85921,artifacts/experiments/Q01/front/model.engine,"['results/benchmarks/notebook/Q01/repeat-01/front_tensorrt_int8_20260904_013759.json', 'results/benchmarks/notebook/Q01/repeat-02/front_tensorrt_int8_20260904_013813.json', 'results/benchmarks/notebook/Q01/repeat-03/front_tensorrt_int8_20260904_013828.json']",results/coco-evaluation/Q01-front.json,-0.14470706483326246,-0.1283209334322405,-0.052910527868661794,15.269559122220034,1.1802133797963559,63.031737061486226,0.0,True,False,False,False,accuracy retention gate failed
Q02,precision,modelopt-mixed-precision,mixed,1x3x504x504,0.5964751478628372,0.825783559075982,0.6692936134097379,0.0609981789920745,0.4366875412223145,0.753661726839238,0.7701149534941822,0.48322281358260494,0.6897675733778152,0.5744500077108872,0.002137048094288038,0.2943414713214972,0.5470180329562678,0.5814190064057232,0.650427116319593,3,200,600,"[42.7194830008375, 44.66232099912304, 44.93794799782336]","[43.15190736011573, 44.448132294783136, 44.63854784506111]",44.1065839992613,1.2091440962409579,0.027414140624928213,41.10266112160175,47.110506876920844,44.07952916665332,44.32844399889291,1.428244777995602,0.032401543414762375,41.21373499947367,47.861735001788475,41.88877110082103,42.761749497913115,45.15774425090058,46.187705100965104,47.31559136071155,2.3959947529874626,22.686267728025364,941561856,1000341504,45497556,3472001a47de73e1c88df401315f290d33010c10f0c218d10d96b0a29be8cf36,037949731e462ecb42feb6e61b61fbca555dfe2a3d381464ad36a17b0a7ff9b9,437,85786,artifacts/experiments/Q02/front/model.engine,"['results/benchmarks/notebook/Q02/repeat-01/front_tensorrt_mixed_20260904_014336.json', 'results/benchmarks/notebook/Q02/repeat-02/front_tensorrt_mixed_20260904_014351.json', 'results/benchmarks/notebook/Q02/repeat-03/front_tensorrt_mixed_20260904_014406.json']",results/coco-evaluation/Q02-front.json,-0.14138377930293133,-0.11941988230254558,-0.06157996538562627,9.667221254677996,1.1070178664815913,66.45286185142193,0.0,True,False,False,False,accuracy retention gate failed
Q04,precision,modelopt-fp8,fp8,1x3x504x504,0.0035799375583286386,0.024639256052747027,2.9561205818480938e-05,0.0,0.0003636565064997168,0.0045911550153270725,0.15304825231782485,0.3702262102000943,0.641249491936049,0.369527185712914,0.06026596690041662,0.24187013643249103,0.4880133050789019,0.7120391950448729,0.4530970899244638,3,200,600,"[63.80317250113876, 64.12114299928362, 38.9369849999639]","[64.08518288510095, 64.35641686999588, 44.90929772489835]",55.62043350012876,14.44916491367797,0.2597815947199426,19.723821026719058,91.51704597353847,57.78363249333173,63.51243750032154,11.217004110630716,0.1941207851881788,35.89417699913611,81.42750800107024,37.229341397687676,52.31684699992911,64.3832317491615,66.44403589962167,67.91490552262984,12.066384749232384,17.305938668971713,941561856,1000341504,50411748,9528ac5c63f4b5e59c78bb4222c8ce50e1cbd92cfcd7ad904327cf4a0335d2d2,037949731e462ecb42feb6e61b61fbca555dfe2a3d381464ad36a17b0a7ff9b9,437,87143,artifacts/experiments/Q04/front/model.engine,"['results/benchmarks/notebook/Q04/repeat-01/front_tensorrt_fp8_20260904_014721.json', 'results/benchmarks/notebook/Q04/repeat-02/front_tensorrt_fp8_20260904_014740.json', 'results/benchmarks/notebook/Q04/repeat-03/front_tensorrt_fp8_20260904_014755.json']",results/coco-evaluation/Q04-front.json,-0.7342789896074399,-0.23241648568505624,-0.2589099917807555,-29.426039958360015,0.7726420435344603,62.829434740026386,0.0,True,True,False,False,accuracy retention gate failed
Q05,precision,modelopt-fp8-mixed,mixed,1x3x504x504,0.7358042388753677,0.9261660294816295,0.7885085076235926,0.31324755690356326,0.6230129470482932,0.8453054423820519,0.8785573428423017,0.5980977119052601,0.8354753117255568,0.6445083437996416,0.05716989240479664,0.4763276766556206,0.7075303640855063,0.7281036911128285,0.7101511148106762,3,200,600,"[43.24962949976907, 43.84774200116226, 44.419992500479566]","[43.28000018997045, 44.22595308999007, 44.710356065061205]",43.83912133380363,0.5852291220430674,0.013349471983869503,42.38521426528874,45.29302840231853,44.072103115007245,43.57297199931054,1.73297951280274,0.03932146165751353,41.32257799938088,52.28143199929036,42.02369959875796,42.8779352496349,44.89590224966378,47.581900347722694,49.47369170764432,2.017967000028875,22.690090313831295,941561856,1000341504,117264652,13ca51cd4eefa0f04904444ad80bdaf6cafce52420c0537965076d92e36262e7,037949731e462ecb42feb6e61b61fbca555dfe2a3d381464ad36a17b0a7ff9b9,437,86451,artifacts/experiments/Q05/front/model.engine,"['results/benchmarks/notebook/Q05/repeat-01/front_tensorrt_mixed_20260904_015102.json', 'results/benchmarks/notebook/Q05/repeat-02/front_tensorrt_mixed_20260904_015117.json', 'results/benchmarks/notebook/Q05/repeat-03/front_tensorrt_mixed_20260904_015132.json']",results/coco-evaluation/Q05-front.json,-0.0020546882904007857,-0.004544983979890449,-0.0018559668945431484,11.206726791760788,1.126211439074654,13.536158280921041,0.0,True,False,True,True,
Q06,precision,modelopt-fp8-mixed-kld,mixed,1x3x504x504,0.004075750906385281,0.02632105834859388,3.280462900814253e-05,0.0,0.0010472086391011852,0.004784310267092295,0.15734235839171012,0.3540556583177658,0.6221397382336707,0.3449490319018853,0.06344119453546188,0.24128154295764176,0.47860879983829513,0.7179537218964126,0.4565858431052821,3,200,600,"[42.03528500147513, 41.78578450046189, 42.193829500320135]","[42.34004105006534, 42.07727879500453, 42.50696909004546]",42.004966334085715,0.20570512067406546,0.004897161898381102,41.49392524314745,42.51600742502398,42.30809631170511,42.03118450095644,1.3144705037509716,0.031069006132221213,39.60049300076207,46.74758400142309,40.65920655120863,41.42061975107936,42.86233825041563,45.179048950194556,46.02487986849155,1.4417184993362753,23.63613793049196,941561856,1000341504,67912876,6276e16f05618b906cad3c5e4bc1c47d668852fe4277b3ff3178a329979cc643,037949731e462ecb42feb6e61b61fbca555dfe2a3d381464ad36a17b0a7ff9b9,437,87153,artifacts/experiments/Q06/front/model.engine,"['results/benchmarks/notebook/Q06/repeat-01/front_tensorrt_mixed_20260904_015442.json', 'results/benchmarks/notebook/Q06/repeat-02/front_tensorrt_mixed_20260904_015456.json', 'results/benchmarks/notebook/Q06/repeat-03/front_tensorrt_mixed_20260904_015511.json']",results/coco-evaluation/Q06-front.json,-0.7337831762593833,-0.2485870375673847,-0.2554212385999372,14.348590940310702,1.167523116056519,49.925164480499745,0.0,True,False,False,False,accuracy retention gate failed
Q07,precision,modelopt-fp8-mixed,mixed,1x3x504x504,0.028162096240612153,0.1390114046685989,0.0012845555921699827,0.011157797900372158,0.004452638592516479,0.03529572100303952,0.3569541935012003,0.3579247452931818,0.6020312130357469,0.3598637251167136,0.05666074016226249,0.20466833889237895,0.48171306275805603,0.7239729530299054,0.42892598576533364,3,200,600,"[40.50165000080597, 40.591095999843674, 39.853404499808676]","[40.93547092992594, 40.8391228300934, 40.052703934998135]",40.31538350015277,0.40257743883029673,0.009985702823061852,39.315244987057866,41.31552201324767,40.609099231672495,40.27682400010235,1.3686921890310022,0.033704076547541595,37.88277700004983,45.85455499909585,38.89333580118546,39.61399350191641,41.514913998980774,43.28774365094432,44.40635144328553,1.9009204970643623,24.62502293624046,941561856,1000341504,55561316,3c7053bd3d63c5c89b195fb2eb3f3f9e1a29542fefc236571ebc299cda5cab1c,037949731e462ecb42feb6e61b61fbca555dfe2a3d381464ad36a17b0a7ff9b9,437,87112,artifacts/experiments/Q07/front/model.engine,"['results/benchmarks/notebook/Q07/repeat-01/front_tensorrt_mixed_20260904_015816.json', 'results/benchmarks/notebook/Q07/repeat-02/front_tensorrt_mixed_20260904_015830.json', 'results/benchmarks/notebook/Q07/repeat-03/front_tensorrt_mixed_20260904_015844.json']",results/coco-evaluation/Q07-front.json,-0.7096968309251563,-0.2447179505919687,-0.2830810959398857,17.923637674798893,1.2183775835944368,59.03245564291847,0.0,True,False,False,False,accuracy retention gate failed
